


DROP TABLE IF EXISTS `{prefix}profiles`;

CREATE TABLE `{prefix}profiles` (
  `id` int(9) NOT NULL AUTO_INCREMENT,
  `user_id` int(11) unsigned NOT NULL,
  `display_name` varchar(50) COLLATE utf8_unicode_ci NOT NULL,
  `first_name` varchar(50) COLLATE utf8_unicode_ci NOT NULL,
  `last_name` varchar(50) COLLATE utf8_unicode_ci NOT NULL,
  `company` varchar(100) COLLATE utf8_unicode_ci DEFAULT NULL,
  `lang` varchar(2) COLLATE utf8_unicode_ci NOT NULL DEFAULT 'en',
  `bio` text COLLATE utf8_unicode_ci,
  `dob` int(11) DEFAULT NULL,
  `gender` set('m','f','') COLLATE utf8_unicode_ci DEFAULT NULL,
  `phone` varchar(20) COLLATE utf8_unicode_ci DEFAULT NULL,
  `mobile` varchar(20) COLLATE utf8_unicode_ci DEFAULT NULL,
  `address_line1` varchar(255) COLLATE utf8_unicode_ci DEFAULT NULL,
  `address_line2` varchar(255) COLLATE utf8_unicode_ci DEFAULT NULL,
  `address_line3` varchar(255) COLLATE utf8_unicode_ci DEFAULT NULL,
  `postcode` varchar(20) COLLATE utf8_unicode_ci DEFAULT NULL,
  `website` varchar(255) COLLATE utf8_unicode_ci DEFAULT NULL,
  `updated_on` int(11) unsigned DEFAULT NULL,
  PRIMARY KEY (`id`),
  KEY `user_id` (`user_id`)
) ENGINE=MyISAM DEFAULT CHARSET=utf8 COLLATE=utf8_unicode_ci;

/*Table structure for table `{prefix}users` */

DROP TABLE IF EXISTS `{prefix}users`;

CREATE TABLE `{prefix}users` (
  `id` smallint(5) unsigned NOT NULL AUTO_INCREMENT,
  `email` varchar(60) COLLATE utf8_unicode_ci NOT NULL DEFAULT '',
  `password` varchar(100) COLLATE utf8_unicode_ci NOT NULL DEFAULT '',
  `salt` varchar(6) COLLATE utf8_unicode_ci NOT NULL DEFAULT '',
  `group_id` int(11) DEFAULT NULL,
  `ip_address` varchar(16) COLLATE utf8_unicode_ci DEFAULT NULL,
  `active` int(1) DEFAULT NULL,
  `activation_code` varchar(40) COLLATE utf8_unicode_ci DEFAULT NULL,
  `created_on` int(11) NOT NULL,
  `last_login` int(11) NOT NULL,
  `username` varchar(20) COLLATE utf8_unicode_ci DEFAULT NULL,
  `forgotten_password_code` varchar(40) COLLATE utf8_unicode_ci DEFAULT NULL,
  `remember_code` varchar(40) COLLATE utf8_unicode_ci DEFAULT NULL,
  PRIMARY KEY (`id`),
  KEY `email` (`email`)
) ENGINE=InnoDB DEFAULT CHARSET=utf8 COLLATE=utf8_unicode_ci COMMENT='Registered User Information';



/*Table structure for table `core_settings` */

DROP TABLE IF EXISTS `core_settings`;

CREATE TABLE `core_settings` (
  `slug` varchar(30) COLLATE utf8_unicode_ci NOT NULL,
  `default` text COLLATE utf8_unicode_ci NOT NULL,
  `value` text COLLATE utf8_unicode_ci NOT NULL,
  PRIMARY KEY (`slug`),
  UNIQUE KEY `unique - slug` (`slug`),
  KEY `index - slug` (`slug`)
) ENGINE=InnoDB DEFAULT CHARSET=utf8 COLLATE=utf8_unicode_ci COMMENT='Stores settings for the multi-site interface';

/*Table structure for table `core_sites` */

DROP TABLE IF EXISTS `core_sites`;

CREATE TABLE `core_sites` (
  `id` int(5) NOT NULL AUTO_INCREMENT,
  `name` varchar(100) COLLATE utf8_unicode_ci NOT NULL,
  `ref` varchar(20) COLLATE utf8_unicode_ci NOT NULL,
  `domain` varchar(100) COLLATE utf8_unicode_ci DEFAULT NULL,
  `active` tinyint(1) NOT NULL DEFAULT '1',
  `created_on` int(11) NOT NULL DEFAULT '0',
  `updated_on` int(11) NOT NULL DEFAULT '0',
  PRIMARY KEY (`id`),
  UNIQUE KEY `Unique ref` (`ref`),
  UNIQUE KEY `Unique domain` (`domain`),
  KEY `ref` (`ref`),
  KEY `domain` (`domain`)
) ENGINE=InnoDB DEFAULT CHARSET=utf8 COLLATE=utf8_unicode_ci;

/*Table structure for table `core_users` */

DROP TABLE IF EXISTS `core_users`;

CREATE TABLE `core_users` (
  `id` smallint(5) unsigned NOT NULL AUTO_INCREMENT,
  `email` varchar(40) COLLATE utf8_unicode_ci NOT NULL DEFAULT '',
  `password` varchar(100) COLLATE utf8_unicode_ci NOT NULL DEFAULT '',
  `salt` varchar(6) COLLATE utf8_unicode_ci NOT NULL DEFAULT '',
  `group_id` int(11) DEFAULT NULL,
  `ip_address` varchar(16) COLLATE utf8_unicode_ci DEFAULT NULL,
  `active` int(1) DEFAULT NULL,
  `activation_code` varchar(40) COLLATE utf8_unicode_ci DEFAULT NULL,
  `created_on` int(11) NOT NULL,
  `last_login` int(11) NOT NULL,
  `username` varchar(20) COLLATE utf8_unicode_ci DEFAULT NULL,
  `forgotten_password_code` varchar(40) COLLATE utf8_unicode_ci DEFAULT NULL,
  `remember_code` varchar(40) COLLATE utf8_unicode_ci DEFAULT NULL,
  PRIMARY KEY (`id`),
  KEY `email` (`email`)
) ENGINE=InnoDB DEFAULT CHARSET=utf8 COLLATE=utf8_unicode_ci COMMENT='Super User Information';

/*Table structure for table `default_blog` */

DROP TABLE IF EXISTS `default_blog`;

CREATE TABLE `default_blog` (
  `id` int(11) NOT NULL AUTO_INCREMENT,
  `title` varchar(100) COLLATE utf8_unicode_ci NOT NULL,
  `slug` varchar(100) COLLATE utf8_unicode_ci NOT NULL,
  `category_id` int(11) NOT NULL,
  `attachment` varchar(255) COLLATE utf8_unicode_ci NOT NULL DEFAULT '',
  `intro` text COLLATE utf8_unicode_ci NOT NULL,
  `body` text COLLATE utf8_unicode_ci NOT NULL,
  `parsed` text COLLATE utf8_unicode_ci NOT NULL,
  `keywords` varchar(32) COLLATE utf8_unicode_ci NOT NULL DEFAULT '',
  `author_id` int(11) NOT NULL DEFAULT '0',
  `created_on` int(11) NOT NULL,
  `updated_on` int(11) NOT NULL DEFAULT '0',
  `comments_enabled` int(1) NOT NULL DEFAULT '1',
  `status` enum('draft','live') COLLATE utf8_unicode_ci NOT NULL DEFAULT 'draft',
  `type` set('html','markdown','wysiwyg-advanced','wysiwyg-simple') COLLATE utf8_unicode_ci NOT NULL,
  `preview_hash` char(32) COLLATE utf8_unicode_ci NOT NULL DEFAULT '',
  PRIMARY KEY (`id`),
  UNIQUE KEY `unique_title` (`title`),
  KEY `category_id` (`category_id`)
) ENGINE=InnoDB DEFAULT CHARSET=utf8 COLLATE=utf8_unicode_ci;

/*Table structure for table `default_blog_categories` */

DROP TABLE IF EXISTS `default_blog_categories`;

CREATE TABLE `default_blog_categories` (
  `id` int(11) NOT NULL AUTO_INCREMENT,
  `slug` varchar(100) COLLATE utf8_unicode_ci NOT NULL,
  `title` varchar(100) COLLATE utf8_unicode_ci NOT NULL,
  PRIMARY KEY (`id`),
  UNIQUE KEY `unique_slug` (`slug`),
  UNIQUE KEY `unique_title` (`title`),
  KEY `slug` (`slug`)
) ENGINE=InnoDB DEFAULT CHARSET=utf8 COLLATE=utf8_unicode_ci;

/*Table structure for table `default_ci_sessions` */

DROP TABLE IF EXISTS `default_ci_sessions`;

CREATE TABLE `default_ci_sessions` (
  `session_id` varchar(40) COLLATE utf8_unicode_ci NOT NULL DEFAULT '0',
  `ip_address` varchar(16) COLLATE utf8_unicode_ci NOT NULL DEFAULT '0',
  `user_agent` varchar(120) COLLATE utf8_unicode_ci NOT NULL,
  `last_activity` int(10) unsigned NOT NULL DEFAULT '0',
  `user_data` text COLLATE utf8_unicode_ci,
  PRIMARY KEY (`session_id`),
  KEY `last_activity_idx` (`last_activity`)
) ENGINE=MyISAM DEFAULT CHARSET=utf8 COLLATE=utf8_unicode_ci;

/*Table structure for table `default_cms_canales` */

DROP TABLE IF EXISTS `default_cms_canales`;

CREATE TABLE `default_cms_canales` (
  `id` int(11) NOT NULL AUTO_INCREMENT,
  `tipo_canales_id` int(11) NOT NULL,
  `alias` varchar(128) DEFAULT NULL,
  `nombre` varchar(128) DEFAULT NULL,
  `descripcion` text,
  `apikey` varchar(40) DEFAULT NULL,
  `playerkey` varchar(40) DEFAULT NULL,
  `id_mongo` varchar(25) DEFAULT NULL,
  `cantidad_suscriptores` int(11) DEFAULT NULL,
  `estado` tinyint(4) DEFAULT '0',
  `fecha_registro` datetime DEFAULT NULL,
  `usuario_registro` int(11) DEFAULT NULL,
  `fecha_actualizacion` datetime DEFAULT NULL,
  `usuario_actualizacion` int(11) DEFAULT NULL,
  `estado_migracion` tinyint(4) DEFAULT '0',
  `fecha_migracion` datetime DEFAULT NULL,
  `fecha_migracion_actualizacion` datetime DEFAULT NULL,
  `estado_migracion_sphinx` tinyint(4) DEFAULT NULL,
  `fecha_migracion_sphinx` datetime DEFAULT NULL,
  `fecha_migracion_actualizacion_sphinx` datetime DEFAULT NULL,
  PRIMARY KEY (`id`)
) ENGINE=MyISAM DEFAULT CHARSET=utf8;

/*Table structure for table `default_cms_categorias` */

DROP TABLE IF EXISTS `default_cms_categorias`;

CREATE TABLE `default_cms_categorias` (
  `id` int(11) NOT NULL AUTO_INCREMENT,
  `nombre` varchar(45) DEFAULT NULL,
  `alias` varchar(64) DEFAULT NULL,
  `estado` tinyint(4) DEFAULT '0',
  `fecha_registro` datetime DEFAULT NULL,
  `usuario_registro` int(11) DEFAULT NULL,
  `fecha_actualizacion` datetime DEFAULT NULL,
  `usuario_actualizacion` int(11) DEFAULT NULL,
  `estado_migracion` tinyint(4) DEFAULT '0',
  `fecha_migracion` datetime DEFAULT NULL,
  `fecha_migracion_actualizacion` datetime DEFAULT NULL,
  `categorias_id` int(11) DEFAULT NULL,
  PRIMARY KEY (`id`)
) ENGINE=MyISAM DEFAULT CHARSET=utf8;

/*Table structure for table `default_cms_comentarios` */

DROP TABLE IF EXISTS `default_cms_comentarios`;

CREATE TABLE `default_cms_comentarios` (
  `videos_id` int(11) NOT NULL,
  `cantidad_comentarios` int(11) DEFAULT NULL,
  `fecha_actualizacion` datetime DEFAULT NULL,
  PRIMARY KEY (`videos_id`)
) ENGINE=MyISAM DEFAULT CHARSET=utf8;

/*Table structure for table `default_cms_detalle_secciones` */

DROP TABLE IF EXISTS `default_cms_detalle_secciones`;

CREATE TABLE `default_cms_detalle_secciones` (
  `id` int(11) NOT NULL AUTO_INCREMENT,
  `secciones_id` int(11) NOT NULL,
  `videos_id` int(11) DEFAULT NULL,
  `grupo_maestros_id` int(11) DEFAULT NULL,
  `canales_id` int(11) DEFAULT NULL,
  `imagenes_id` int(11) DEFAULT NULL,
  `peso` int(11) DEFAULT NULL,
  `descripcion_item` varchar(150) DEFAULT NULL,
  `estado` tinyint(4) DEFAULT NULL,
  `fecha_registro` datetime DEFAULT NULL,
  `usuario_registro` int(11) DEFAULT NULL,
  `estado_migracion` tinyint(4) DEFAULT NULL,
  `fecha_migracion` datetime DEFAULT NULL,
  `fecha_migracion_actualizacion` datetime DEFAULT NULL,
  PRIMARY KEY (`id`),
  KEY `fk_seccion_regla_default_cms_videos1_idx` (`videos_id`),
  KEY `fk_seccion_regla_default_cms_grupo_maestros1_idx` (`grupo_maestros_id`),
  KEY `fk_default_cms_detalle_secciones_default_cms_imagenes1_idx` (`imagenes_id`)
) ENGINE=MyISAM DEFAULT CHARSET=utf8;

/*Table structure for table `default_cms_grupo_detalles` */

DROP TABLE IF EXISTS `default_cms_grupo_detalles`;

CREATE TABLE `default_cms_grupo_detalles` (
  `id` int(11) NOT NULL AUTO_INCREMENT,
  `grupo_maestro_padre` int(11) NOT NULL,
  `grupo_maestro_id` int(11) DEFAULT NULL,
  `video_id` int(11) DEFAULT NULL,
  `tipo_grupo_maestros_id` int(11) NOT NULL,
  `id_mongo` varchar(25) DEFAULT NULL,
  `estado` tinyint(4) DEFAULT NULL,
  `fecha_registro` datetime DEFAULT NULL,
  `usuario_registro` int(11) DEFAULT NULL,
  `fecha_actualizacion` datetime DEFAULT NULL,
  `usuario_actualizacion` int(11) DEFAULT NULL,
  `estado_migracion` tinyint(4) DEFAULT NULL,
  `fecha_migracion` datetime DEFAULT NULL,
  `fecha_migracion_actualizacion` datetime DEFAULT NULL,
  PRIMARY KEY (`id`),
  KEY `fk_grupo_detalle_grupo_maestro1_idx` (`grupo_maestro_id`),
  KEY `fk_grupo_detalle_video1_idx` (`video_id`),
  KEY `fk_grupo_detalle_grupo_maestro2_idx` (`grupo_maestro_padre`)
) ENGINE=MyISAM DEFAULT CHARSET=utf8;

/*Table structure for table `default_cms_grupo_maestro_tags` */

DROP TABLE IF EXISTS `default_cms_grupo_maestro_tags`;

CREATE TABLE `default_cms_grupo_maestro_tags` (
  `grupo_maestros_id` int(11) NOT NULL,
  `tags_id` int(11) NOT NULL,
  `estado` tinyint(4) DEFAULT NULL,
  `fecha_registro` datetime DEFAULT NULL,
  `usuario_registro` int(11) DEFAULT NULL,
  `fecha_actualizacion` datetime DEFAULT NULL,
  `usuario_actualizacion` int(11) DEFAULT NULL,
  `estado_migracion_sphinx` tinyint(4) DEFAULT NULL,
  `fecha_migracion_sphinx` datetime DEFAULT NULL,
  `fecha_migracion_actualizacion_sphinx` datetime DEFAULT NULL,
  PRIMARY KEY (`grupo_maestros_id`,`tags_id`),
  KEY `fk_default_cms_grupo_maestro_tags_default_cms_tags1_idx` (`tags_id`)
) ENGINE=MyISAM DEFAULT CHARSET=utf8;

/*Table structure for table `default_cms_grupo_maestros` */

DROP TABLE IF EXISTS `default_cms_grupo_maestros`;

CREATE TABLE `default_cms_grupo_maestros` (
  `id` int(11) NOT NULL AUTO_INCREMENT,
  `nombre` varchar(150) DEFAULT NULL,
  `descripcion` varchar(500) DEFAULT NULL,
  `alias` varchar(150) DEFAULT NULL,
  `tipo_grupo_maestro_id` int(11) NOT NULL,
  `canales_id` int(11) NOT NULL,
  `categorias_id` int(11) DEFAULT NULL,
  `cantidad_suscriptores` int(11) DEFAULT NULL,
  `peso` int(11) DEFAULT NULL,
  `id_mongo` varchar(25) DEFAULT NULL,
  `estado` tinyint(4) DEFAULT NULL,
  `fecha_registro` datetime DEFAULT NULL,
  `usuario_registro` int(11) DEFAULT NULL,
  `fecha_actualizacion` datetime DEFAULT NULL,
  `usuario_actualizacion` int(11) DEFAULT NULL,
  `estado_migracion` tinyint(4) DEFAULT NULL,
  `fecha_migracion` datetime DEFAULT NULL,
  `fecha_migracion_actualizacion` datetime DEFAULT NULL,
  `comentarios` int(11) DEFAULT '0',
  `fecha_transmision_inicio` datetime DEFAULT NULL,
  `fecha_transmision_fin` datetime DEFAULT NULL,
  `horario_transmision_inicio` time DEFAULT NULL,
  `horario_transmision_fin` time DEFAULT NULL,
  `estado_migracion_sphinx` tinyint(4) DEFAULT NULL,
  `fecha_migracion_sphinx` datetime DEFAULT NULL,
  `fecha_migracion_actualizacion_sphinx` datetime DEFAULT NULL,
  PRIMARY KEY (`id`),
  KEY `fk_grupo_maestro_tipo_grupo_maestro1_idx` (`tipo_grupo_maestro_id`),
  KEY `fk_default_cms_grupo_maestros_default_cms_canales1_idx` (`canales_id`),
  KEY `fk_default_cms_grupo_maestros_default_cms_categorias1_idx` (`categorias_id`)
) ENGINE=MyISAM DEFAULT CHARSET=utf8;

/*Table structure for table `default_cms_imagenes` */

DROP TABLE IF EXISTS `default_cms_imagenes`;

CREATE TABLE `default_cms_imagenes` (
  `id` int(11) NOT NULL AUTO_INCREMENT,
  `canales_id` int(11) DEFAULT NULL,
  `grupo_maestros_id` int(11) DEFAULT NULL,
  `videos_id` int(11) DEFAULT NULL,
  `imagen` varchar(150) DEFAULT NULL,
  `tipo_imagen_id` int(11) NOT NULL,
  `estado` tinyint(4) DEFAULT NULL,
  `fecha_registro` datetime DEFAULT NULL,
  `usuario_registro` int(11) DEFAULT NULL,
  `fecha_actualizacion` datetime DEFAULT NULL,
  `usuario_actualizacion` int(11) DEFAULT NULL,
  `estado_migracion` tinyint(4) DEFAULT NULL,
  `fecha_migracion` datetime DEFAULT NULL,
  `fecha_migracion_actualizacion` datetime DEFAULT NULL,
  `imagen_padre` int(11) DEFAULT NULL,
  `procedencia` int(11) DEFAULT '0',
  `imagen_anterior` int(11) DEFAULT NULL,
  PRIMARY KEY (`id`),
  KEY `fk_default_cms_imagenes_default_cms_videos1_idx` (`videos_id`),
  KEY `fk_default_cms_imagenes_default_cms_grupo_maestros1_idx` (`grupo_maestros_id`),
  KEY `fk_default_cms_imagenes_default_cms_tipo_imagen1_idx` (`tipo_imagen_id`),
  KEY `fk_default_cms_imagenes_default_cms_canales1_idx` (`canales_id`)
) ENGINE=MyISAM DEFAULT CHARSET=utf8;

/*Table structure for table `default_cms_portadas` */

DROP TABLE IF EXISTS `default_cms_portadas`;

CREATE TABLE `default_cms_portadas` (
  `id` int(11) NOT NULL AUTO_INCREMENT,
  `canales_id` int(11) DEFAULT NULL,
  `nombre` varchar(45) DEFAULT NULL,
  `descripcion` varchar(800) DEFAULT NULL,
  `tipo_portadas_id` int(11) NOT NULL,
  `origen_id` int(11) DEFAULT NULL,
  `estado` tinyint(4) DEFAULT NULL,
  `fecha_registro` datetime DEFAULT NULL,
  `usuario_registro` int(11) DEFAULT NULL,
  `fecha_actualizacion` datetime DEFAULT NULL,
  `usuario_actualizacion` int(11) DEFAULT NULL,
  `id_mongo` varchar(25) DEFAULT NULL,
  `estado_migracion` tinyint(4) DEFAULT '0',
  `fecha_migracion` datetime DEFAULT NULL,
  `fecha_migracion_actualizacion` datetime DEFAULT NULL,
  PRIMARY KEY (`id`),
  KEY `fk_portada_tipo_portadas1_idx` (`tipo_portadas_id`)
) ENGINE=MyISAM DEFAULT CHARSET=utf8;

/*Table structure for table `default_cms_reglas` */

DROP TABLE IF EXISTS `default_cms_reglas`;

CREATE TABLE `default_cms_reglas` (
  `id` int(11) NOT NULL AUTO_INCREMENT,
  `nombre` varchar(45) DEFAULT NULL,
  `descripcion` varchar(45) DEFAULT NULL,
  `estado` tinyint(4) DEFAULT NULL,
  `fecha_registro` datetime DEFAULT NULL,
  `usuario_registro` int(11) DEFAULT NULL,
  `fecha_actualizacion` datetime DEFAULT NULL,
  `usuario_actualizacion` int(11) DEFAULT NULL,
  PRIMARY KEY (`id`)
) ENGINE=MyISAM DEFAULT CHARSET=utf8;

/*Table structure for table `default_cms_roles` */

DROP TABLE IF EXISTS `default_cms_roles`;

CREATE TABLE `default_cms_roles` (
  `id` int(11) NOT NULL AUTO_INCREMENT,
  `nombre` varchar(45) DEFAULT NULL,
  `descripcion` varchar(45) DEFAULT NULL,
  `estado` tinyint(4) DEFAULT '0',
  `fecha_registro` datetime DEFAULT NULL,
  `usuario_registro` int(11) DEFAULT NULL,
  `fecha_actualizacion` datetime DEFAULT NULL,
  `usuario_actualizacion` int(11) DEFAULT NULL,
  PRIMARY KEY (`id`)
) ENGINE=MyISAM DEFAULT CHARSET=utf8;

/*Table structure for table `default_cms_secciones` */

DROP TABLE IF EXISTS `default_cms_secciones`;

CREATE TABLE `default_cms_secciones` (
  `id` int(11) NOT NULL AUTO_INCREMENT,
  `nombre` varchar(45) DEFAULT NULL,
  `descripcion` varchar(800) DEFAULT NULL,
  `tipo` tinyint(4) DEFAULT NULL,
  `portadas_id` int(11) DEFAULT NULL,
  `tipo_secciones_id` int(11) DEFAULT NULL,
  `reglas_id` int(11) DEFAULT NULL,
  `categorias_id` int(11) DEFAULT NULL,
  `tags_id` int(11) DEFAULT NULL,
  `peso` int(11) DEFAULT NULL,
  `id_mongo` varchar(25) DEFAULT NULL,
  `estado` tinyint(4) DEFAULT '0',
  `templates_id` int(11) DEFAULT NULL,
  `fecha_registro` datetime DEFAULT NULL,
  `usuario_registro` int(11) DEFAULT NULL,
  `fecha_actualizacion` datetime DEFAULT NULL,
  `usuario_actualizacion` int(11) DEFAULT NULL,
  `estado_migracion` tinyint(4) DEFAULT NULL,
  `fecha_migracion` datetime DEFAULT NULL,
  `fecha_migracion_actualizacion` datetime DEFAULT NULL,
  `grupo_maestros_id` int(11) DEFAULT NULL,
  PRIMARY KEY (`id`)
) ENGINE=MyISAM DEFAULT CHARSET=utf8;

/*Table structure for table `default_cms_tags` */

DROP TABLE IF EXISTS `default_cms_tags`;

CREATE TABLE `default_cms_tags` (
  `id` int(11) NOT NULL AUTO_INCREMENT,
  `tipo_tags_id` int(11) NOT NULL,
  `nombre` varchar(100) DEFAULT NULL,
  `descripcion` varchar(50) DEFAULT NULL,
  `alias` varchar(100) DEFAULT NULL,
  `estado` tinyint(4) DEFAULT '0',
  `fecha_registro` datetime DEFAULT NULL,
  `usuario_registro` int(11) DEFAULT NULL,
  `fecha_actualizacion` datetime DEFAULT NULL,
  `usuario_actualizacion` int(11) DEFAULT NULL,
  `estado_migracion` tinyint(4) DEFAULT '0',
  `fecha_migracion` datetime DEFAULT NULL,
  `fecha_migracion_actualizacion` datetime DEFAULT NULL,
  `estado_migracion_sphinx` tinyint(4) DEFAULT NULL,
  `fecha_migracion_sphinx` datetime DEFAULT NULL,
  `fecha_migracion_actualizacion_sphinx` datetime DEFAULT NULL,
  PRIMARY KEY (`id`),
  KEY `fk_tags_tipo_tag1_idx` (`tipo_tags_id`)
) ENGINE=MyISAM DEFAULT CHARSET=utf8;

/*Table structure for table `default_cms_templates` */

DROP TABLE IF EXISTS `default_cms_templates`;

CREATE TABLE `default_cms_templates` (
  `id` int(11) NOT NULL AUTO_INCREMENT,
  `nombre` varchar(45) DEFAULT NULL,
  `descripcion` varchar(45) DEFAULT NULL,
  `fecha_registro` datetime DEFAULT NULL,
  `usuario_registro` int(11) DEFAULT NULL,
  `fecha_actualizacion` datetime DEFAULT NULL,
  `usuario_actualizacion` int(11) DEFAULT NULL,
  PRIMARY KEY (`id`)
) ENGINE=MyISAM DEFAULT CHARSET=utf8;

/*Table structure for table `default_cms_tipo_canales` */

DROP TABLE IF EXISTS `default_cms_tipo_canales`;

CREATE TABLE `default_cms_tipo_canales` (
  `id` int(11) NOT NULL AUTO_INCREMENT,
  `nombre` varchar(45) DEFAULT NULL,
  `descripcion` varchar(800) DEFAULT NULL,
  `estado` tinyint(4) DEFAULT '0',
  `fecha_registro` datetime DEFAULT NULL,
  `usuario_registro` int(11) DEFAULT NULL,
  `fecha_actualizacion` datetime DEFAULT NULL,
  `usuario_actualizacion` int(11) DEFAULT NULL,
  PRIMARY KEY (`id`)
) ENGINE=MyISAM DEFAULT CHARSET=utf8;

/*Table structure for table `default_cms_tipo_grupo_maestros` */

DROP TABLE IF EXISTS `default_cms_tipo_grupo_maestros`;

CREATE TABLE `default_cms_tipo_grupo_maestros` (
  `id` int(11) NOT NULL AUTO_INCREMENT,
  `nombre` varchar(100) DEFAULT NULL,
  `descripcion` varchar(500) DEFAULT NULL,
  `estado` tinyint(4) DEFAULT NULL,
  `fecha_registro` datetime DEFAULT NULL,
  `usuario_registro` int(11) DEFAULT NULL,
  `fecha_actualizacion` datetime DEFAULT NULL,
  `usuario_actualizacion` int(11) DEFAULT NULL,
  PRIMARY KEY (`id`)
) ENGINE=MyISAM DEFAULT CHARSET=utf8;

/*Table structure for table `default_cms_tipo_imagen` */

DROP TABLE IF EXISTS `default_cms_tipo_imagen`;

CREATE TABLE `default_cms_tipo_imagen` (
  `id` int(11) NOT NULL AUTO_INCREMENT,
  `nombre` varchar(45) DEFAULT NULL,
  `descripcion` varchar(45) DEFAULT NULL,
  `fecha_registro` datetime DEFAULT NULL,
  `usuario_registro` int(11) DEFAULT NULL,
  `fecha_actualizacion` datetime DEFAULT NULL,
  `usuario_actualizacion` int(11) DEFAULT NULL,
  `alto` int(11) DEFAULT NULL,
  `ancho` int(11) DEFAULT NULL,
  PRIMARY KEY (`id`)
) ENGINE=MyISAM DEFAULT CHARSET=utf8;

/*Table structure for table `default_cms_tipo_portadas` */

DROP TABLE IF EXISTS `default_cms_tipo_portadas`;

CREATE TABLE `default_cms_tipo_portadas` (
  `id` int(11) NOT NULL AUTO_INCREMENT,
  `nombre` varchar(45) DEFAULT NULL,
  `descripcion` varchar(45) DEFAULT NULL,
  `estado` tinyint(4) DEFAULT NULL,
  `fecha_registro` datetime DEFAULT NULL,
  `usuario_registro` int(11) DEFAULT NULL,
  `fecha_actualizacion` datetime DEFAULT NULL,
  `usuario_actualizacion` int(11) DEFAULT NULL,
  `id_mongo` varchar(25) DEFAULT NULL,
  PRIMARY KEY (`id`)
) ENGINE=MyISAM DEFAULT CHARSET=utf8;

/*Table structure for table `default_cms_tipo_secciones` */

DROP TABLE IF EXISTS `default_cms_tipo_secciones`;

CREATE TABLE `default_cms_tipo_secciones` (
  `id` int(11) NOT NULL AUTO_INCREMENT,
  `nombre` varchar(50) DEFAULT NULL,
  `estado` tinyint(4) DEFAULT NULL,
  `fecha_registro` datetime DEFAULT NULL,
  `usuario_registro` int(11) DEFAULT NULL,
  `fecha_actualizacion` datetime DEFAULT NULL,
  `usuario_actualizacion` int(11) DEFAULT NULL,
  PRIMARY KEY (`id`)
) ENGINE=InnoDB DEFAULT CHARSET=utf8;

/*Table structure for table `default_cms_tipo_tags` */

DROP TABLE IF EXISTS `default_cms_tipo_tags`;

CREATE TABLE `default_cms_tipo_tags` (
  `id` int(11) NOT NULL,
  `nombre` varchar(45) DEFAULT NULL,
  `descripcion` varchar(45) DEFAULT NULL,
  `estado` tinyint(4) DEFAULT NULL,
  `fecha_registro` datetime DEFAULT NULL,
  `usuario_registro` int(11) DEFAULT NULL,
  `fecha_actualizacion` datetime DEFAULT NULL,
  `usuario_actualizacion` int(11) DEFAULT NULL,
  PRIMARY KEY (`id`)
) ENGINE=MyISAM DEFAULT CHARSET=utf8;

/*Table structure for table `default_cms_tipo_videos` */

DROP TABLE IF EXISTS `default_cms_tipo_videos`;

CREATE TABLE `default_cms_tipo_videos` (
  `id` int(11) NOT NULL AUTO_INCREMENT,
  `nombre` varchar(45) DEFAULT NULL,
  `descripcion` varchar(50) DEFAULT NULL,
  `estado` tinyint(4) DEFAULT '0',
  `fecha_registro` datetime DEFAULT NULL,
  `usuario_registro` int(11) DEFAULT NULL,
  `fecha_actualizacion` datetime DEFAULT NULL,
  `usuario_actualizacion` int(11) DEFAULT NULL,
  PRIMARY KEY (`id`)
) ENGINE=MyISAM DEFAULT CHARSET=utf8;

/*Table structure for table `default_cms_usuario_group_canales` */

DROP TABLE IF EXISTS `default_cms_usuario_group_canales`;

CREATE TABLE `default_cms_usuario_group_canales` (
  `canal_id` int(11) NOT NULL,
  `user_id` int(11) NOT NULL,
  `group_id` int(11) NOT NULL,
  `estado` tinyint(4) DEFAULT NULL,
  `fecha_registro` datetime DEFAULT NULL,
  `usuario_registro` int(11) DEFAULT NULL,
  `fecha_actualizacion` datetime DEFAULT NULL,
  `usuario_actualizacion` int(11) DEFAULT NULL,
  `predeterminado` int(11) DEFAULT NULL,
  PRIMARY KEY (`canal_id`,`user_id`,`group_id`),
  KEY `fk_table1_canal1_idx` (`canal_id`),
  KEY `fk_table1_usuario1_idx` (`user_id`),
  KEY `fk_table1_rol1_idx` (`group_id`)
) ENGINE=MyISAM DEFAULT CHARSET=utf8;

/*Table structure for table `default_cms_usuarios` */

DROP TABLE IF EXISTS `default_cms_usuarios`;

CREATE TABLE `default_cms_usuarios` (
  `id` int(11) NOT NULL AUTO_INCREMENT,
  `rol_id` int(11) NOT NULL,
  `nombres` varchar(64) DEFAULT NULL,
  `apellidos` varchar(64) DEFAULT NULL,
  `direccion` varchar(128) DEFAULT NULL,
  `telefono1` varchar(16) DEFAULT NULL,
  `telefono2` varchar(16) DEFAULT NULL,
  `dni` varchar(12) DEFAULT NULL,
  `email` varchar(128) DEFAULT NULL,
  `usuario` varchar(10) DEFAULT NULL,
  `password` varchar(32) DEFAULT NULL,
  `estado` tinyint(4) DEFAULT '0',
  `fecha_registro` datetime DEFAULT NULL,
  `usuario_registro` int(11) DEFAULT NULL,
  `fecha_actualizacion` datetime DEFAULT NULL,
  `usuario_actualizacion` int(11) DEFAULT NULL,
  PRIMARY KEY (`id`)
) ENGINE=MyISAM DEFAULT CHARSET=utf8;

/*Table structure for table `default_cms_valorizaciones` */

DROP TABLE IF EXISTS `default_cms_valorizaciones`;

CREATE TABLE `default_cms_valorizaciones` (
  `videos_id` int(11) NOT NULL,
  `cantidad_me_gusta` int(11) DEFAULT NULL,
  `fecha_actualizacion` datetime DEFAULT NULL,
  PRIMARY KEY (`videos_id`),
  KEY `fk_valorizacion_video1_idx` (`videos_id`)
) ENGINE=MyISAM DEFAULT CHARSET=utf8;

/*Table structure for table `default_cms_video_tags` */

DROP TABLE IF EXISTS `default_cms_video_tags`;

CREATE TABLE `default_cms_video_tags` (
  `tags_id` int(11) NOT NULL,
  `videos_id` int(11) NOT NULL,
  `estado` tinyint(4) DEFAULT NULL,
  `fecha_registro` datetime DEFAULT NULL,
  `usuario_registro` int(11) DEFAULT NULL,
  `fecha_actualizacion` datetime DEFAULT NULL,
  `usuario_actualizacion` int(11) DEFAULT NULL,
  `estado_migracion_sphinx` tinyint(4) DEFAULT NULL,
  `fecha_migracion_sphinx` datetime DEFAULT NULL,
  `fecha_migracion_actualizacion_sphinx` datetime DEFAULT NULL,
  PRIMARY KEY (`tags_id`,`videos_id`),
  KEY `fk_tag-video_tag1_idx` (`tags_id`),
  KEY `fk_tag-video_video1_idx` (`videos_id`)
) ENGINE=MyISAM DEFAULT CHARSET=utf8;

/*Table structure for table `default_cms_videos` */

DROP TABLE IF EXISTS `default_cms_videos`;

CREATE TABLE `default_cms_videos` (
  `id` int(11) NOT NULL AUTO_INCREMENT,
  `tipo_videos_id` int(11) NOT NULL,
  `categorias_id` int(11) NOT NULL,
  `usuarios_id` int(11) NOT NULL,
  `canales_id` int(11) NOT NULL,
  `nid` int(11) DEFAULT NULL,
  `titulo` varchar(150) DEFAULT NULL,
  `alias` varchar(150) DEFAULT NULL,
  `descripcion` varchar(500) DEFAULT NULL,
  `fragmento` tinyint(4) DEFAULT NULL,
  `codigo` varchar(100) DEFAULT NULL,
  `reproducciones` decimal(10,0) DEFAULT NULL,
  `duracion` time DEFAULT NULL,
  `fecha_publicacion_inicio` datetime DEFAULT NULL,
  `fecha_publicacion_fin` datetime DEFAULT NULL,
  `fecha_transmision` date DEFAULT NULL,
  `horario_transmision_inicio` time DEFAULT NULL,
  `horario_transmision_fin` time DEFAULT NULL,
  `ubicacion` varchar(100) DEFAULT NULL,
  `id_mongo` varchar(25) DEFAULT NULL,
  `estado` tinyint(4) DEFAULT '0',
  `estado_liquid` tinyint(4) DEFAULT '0',
  `fecha_registro` datetime DEFAULT NULL,
  `usuario_registro` int(11) DEFAULT NULL,
  `fecha_actualizacion` datetime DEFAULT NULL,
  `usuario_actualizacion` int(11) DEFAULT NULL,
  `estado_migracion` tinyint(4) DEFAULT '0',
  `fecha_migracion` datetime DEFAULT NULL,
  `fecha_migracion_actualizacion` datetime DEFAULT NULL,
  `estado_migracion_sphinx_tit` tinyint(4) DEFAULT '0',
  `fecha_migracion_sphinx_tit` datetime DEFAULT NULL,
  `fecha_migracion_actualizacion_sphinx_tit` datetime DEFAULT NULL,
  `estado_migracion_sphinx_des` tinyint(4) DEFAULT '0',
  `fecha_migracion_sphinx_des` datetime DEFAULT NULL,
  `fecha_migracion_actualizacion_sphinx_des` datetime DEFAULT NULL,
  `valorizacion` int(11) DEFAULT '0',
  `comentarios` int(11) DEFAULT '0',
  `ruta` varchar(250) DEFAULT NULL,
  `rutasplitter` varchar(250) DEFAULT NULL,
  `padre` int(11) DEFAULT '0',
  `estado_migracion_sphinx` tinyint(4) DEFAULT NULL,
  `fecha_migracion_sphinx` datetime DEFAULT NULL,
  `fecha_migracion_actualizacion_sphinx` datetime DEFAULT NULL,
  `procedencia` tinyint(4) DEFAULT '0',
  PRIMARY KEY (`id`),
  KEY `fk_video_tipo-video1_idx` (`tipo_videos_id`),
  KEY `fk_video_usuario1_idx` (`usuarios_id`),
  KEY `fk_default_cms_videos_default_cms_categorias1_idx` (`categorias_id`),
  KEY `fk_default_cms_videos_default_cms_canales1_idx` (`canales_id`),
  FULLTEXT KEY `in_codigo` (`codigo`),
  FULLTEXT KEY `in_id_mongo` (`id_mongo`)
) ENGINE=MyISAM DEFAULT CHARSET=utf8;

/*Table structure for table `default_cms_visitas` */

DROP TABLE IF EXISTS `default_cms_visitas`;

CREATE TABLE `default_cms_visitas` (
  `videos_id` int(11) NOT NULL,
  `cantidad_visitas` decimal(10,0) DEFAULT NULL,
  `fecha_actualizacion` datetime DEFAULT NULL,
  PRIMARY KEY (`videos_id`),
  KEY `fk_visitas_video1_idx` (`videos_id`)
) ENGINE=MyISAM DEFAULT CHARSET=utf8;

/*Table structure for table `default_comments` */

DROP TABLE IF EXISTS `default_comments`;

CREATE TABLE `default_comments` (
  `id` int(11) NOT NULL AUTO_INCREMENT,
  `is_active` int(1) NOT NULL DEFAULT '0',
  `user_id` int(11) NOT NULL DEFAULT '0',
  `name` varchar(40) COLLATE utf8_unicode_ci NOT NULL DEFAULT '',
  `email` varchar(40) COLLATE utf8_unicode_ci NOT NULL DEFAULT '',
  `website` varchar(255) COLLATE utf8_unicode_ci NOT NULL,
  `comment` text COLLATE utf8_unicode_ci NOT NULL,
  `parsed` text COLLATE utf8_unicode_ci NOT NULL,
  `module` varchar(40) COLLATE utf8_unicode_ci NOT NULL,
  `module_id` varchar(255) COLLATE utf8_unicode_ci NOT NULL DEFAULT '0',
  `created_on` varchar(11) COLLATE utf8_unicode_ci NOT NULL DEFAULT '0',
  `ip_address` varchar(15) COLLATE utf8_unicode_ci NOT NULL DEFAULT '',
  PRIMARY KEY (`id`)
) ENGINE=InnoDB DEFAULT CHARSET=utf8 COLLATE=utf8_unicode_ci;

/*Table structure for table `default_contact_log` */

DROP TABLE IF EXISTS `default_contact_log`;

CREATE TABLE `default_contact_log` (
  `id` int(11) NOT NULL AUTO_INCREMENT,
  `email` varchar(255) COLLATE utf8_unicode_ci NOT NULL DEFAULT '',
  `subject` varchar(255) COLLATE utf8_unicode_ci NOT NULL DEFAULT '',
  `message` text COLLATE utf8_unicode_ci NOT NULL,
  `sender_agent` varchar(64) COLLATE utf8_unicode_ci NOT NULL DEFAULT '',
  `sender_ip` varchar(32) COLLATE utf8_unicode_ci NOT NULL DEFAULT '',
  `sender_os` varchar(32) COLLATE utf8_unicode_ci NOT NULL DEFAULT '',
  `sent_at` int(11) NOT NULL DEFAULT '0',
  `attachments` text COLLATE utf8_unicode_ci NOT NULL,
  PRIMARY KEY (`id`)
) ENGINE=InnoDB DEFAULT CHARSET=utf8 COLLATE=utf8_unicode_ci;

/*Table structure for table `default_data_field_assignments` */

DROP TABLE IF EXISTS `default_data_field_assignments`;

CREATE TABLE `default_data_field_assignments` (
  `id` int(11) unsigned NOT NULL AUTO_INCREMENT,
  `sort_order` int(11) NOT NULL,
  `stream_id` int(11) NOT NULL,
  `field_id` int(11) NOT NULL,
  `is_required` enum('yes','no') COLLATE utf8_unicode_ci NOT NULL DEFAULT 'no',
  `is_unique` enum('yes','no') COLLATE utf8_unicode_ci NOT NULL DEFAULT 'no',
  `instructions` text COLLATE utf8_unicode_ci,
  `field_name` varchar(255) COLLATE utf8_unicode_ci DEFAULT NULL,
  PRIMARY KEY (`id`)
) ENGINE=InnoDB DEFAULT CHARSET=utf8 COLLATE=utf8_unicode_ci;

/*Table structure for table `default_data_fields` */

DROP TABLE IF EXISTS `default_data_fields`;

CREATE TABLE `default_data_fields` (
  `id` int(11) unsigned NOT NULL AUTO_INCREMENT,
  `field_name` varchar(60) COLLATE utf8_unicode_ci NOT NULL,
  `field_slug` varchar(60) COLLATE utf8_unicode_ci NOT NULL,
  `field_namespace` varchar(60) COLLATE utf8_unicode_ci DEFAULT NULL,
  `field_type` varchar(50) COLLATE utf8_unicode_ci NOT NULL,
  `field_data` blob,
  `view_options` blob,
  `is_locked` enum('yes','no') COLLATE utf8_unicode_ci NOT NULL DEFAULT 'no',
  PRIMARY KEY (`id`)
) ENGINE=InnoDB DEFAULT CHARSET=utf8 COLLATE=utf8_unicode_ci;

/*Table structure for table `default_data_streams` */

DROP TABLE IF EXISTS `default_data_streams`;

CREATE TABLE `default_data_streams` (
  `id` int(11) unsigned NOT NULL AUTO_INCREMENT,
  `stream_name` varchar(60) COLLATE utf8_unicode_ci NOT NULL,
  `stream_slug` varchar(60) COLLATE utf8_unicode_ci NOT NULL,
  `stream_namespace` varchar(60) COLLATE utf8_unicode_ci DEFAULT NULL,
  `stream_prefix` varchar(60) COLLATE utf8_unicode_ci DEFAULT NULL,
  `about` varchar(255) COLLATE utf8_unicode_ci DEFAULT NULL,
  `view_options` blob NOT NULL,
  `title_column` varchar(255) COLLATE utf8_unicode_ci DEFAULT NULL,
  `sorting` enum('title','custom') COLLATE utf8_unicode_ci NOT NULL DEFAULT 'title',
  PRIMARY KEY (`id`)
) ENGINE=InnoDB DEFAULT CHARSET=utf8 COLLATE=utf8_unicode_ci;

/*Table structure for table `default_email_templates` */

DROP TABLE IF EXISTS `default_email_templates`;

CREATE TABLE `default_email_templates` (
  `id` int(11) NOT NULL AUTO_INCREMENT,
  `slug` varchar(100) COLLATE utf8_unicode_ci NOT NULL,
  `name` varchar(100) COLLATE utf8_unicode_ci NOT NULL,
  `description` varchar(255) COLLATE utf8_unicode_ci NOT NULL,
  `subject` varchar(255) COLLATE utf8_unicode_ci NOT NULL,
  `body` text COLLATE utf8_unicode_ci NOT NULL,
  `lang` varchar(2) COLLATE utf8_unicode_ci DEFAULT NULL,
  `is_default` int(1) NOT NULL DEFAULT '0',
  `module` varchar(50) COLLATE utf8_unicode_ci NOT NULL DEFAULT '',
  PRIMARY KEY (`id`),
  UNIQUE KEY `slug_lang` (`slug`,`lang`)
) ENGINE=InnoDB DEFAULT CHARSET=utf8 COLLATE=utf8_unicode_ci;

/*Table structure for table `default_file_folders` */

DROP TABLE IF EXISTS `default_file_folders`;

CREATE TABLE `default_file_folders` (
  `id` int(11) NOT NULL AUTO_INCREMENT,
  `parent_id` int(11) DEFAULT '0',
  `slug` varchar(100) COLLATE utf8_unicode_ci NOT NULL,
  `name` varchar(100) COLLATE utf8_unicode_ci NOT NULL,
  `location` varchar(20) COLLATE utf8_unicode_ci NOT NULL DEFAULT 'local',
  `remote_container` varchar(100) COLLATE utf8_unicode_ci NOT NULL DEFAULT '',
  `date_added` int(11) NOT NULL,
  `sort` int(11) NOT NULL DEFAULT '0',
  PRIMARY KEY (`id`)
) ENGINE=InnoDB DEFAULT CHARSET=utf8 COLLATE=utf8_unicode_ci;

/*Table structure for table `default_files` */

DROP TABLE IF EXISTS `default_files`;

CREATE TABLE `default_files` (
  `id` int(11) NOT NULL AUTO_INCREMENT,
  `folder_id` int(11) NOT NULL DEFAULT '0',
  `user_id` int(11) NOT NULL DEFAULT '1',
  `type` enum('a','v','d','i','o') COLLATE utf8_unicode_ci DEFAULT NULL,
  `name` varchar(100) COLLATE utf8_unicode_ci NOT NULL,
  `filename` varchar(255) COLLATE utf8_unicode_ci NOT NULL,
  `path` varchar(255) COLLATE utf8_unicode_ci NOT NULL DEFAULT '',
  `description` text COLLATE utf8_unicode_ci NOT NULL,
  `extension` varchar(5) COLLATE utf8_unicode_ci NOT NULL,
  `mimetype` varchar(100) COLLATE utf8_unicode_ci NOT NULL,
  `width` int(5) DEFAULT NULL,
  `height` int(5) DEFAULT NULL,
  `filesize` int(11) NOT NULL DEFAULT '0',
  `download_count` int(11) NOT NULL DEFAULT '0',
  `date_added` int(11) NOT NULL DEFAULT '0',
  `sort` int(11) NOT NULL DEFAULT '0',
  PRIMARY KEY (`id`)
) ENGINE=InnoDB DEFAULT CHARSET=utf8 COLLATE=utf8_unicode_ci;

/*Table structure for table `default_groups` */

DROP TABLE IF EXISTS `default_groups`;

CREATE TABLE `default_groups` (
  `id` int(11) NOT NULL AUTO_INCREMENT,
  `name` varchar(100) DEFAULT NULL,
  `description` varchar(250) DEFAULT NULL,
  `estado` tinyint(4) DEFAULT '0',
  `fecha_registro` datetime DEFAULT NULL,
  `usuario_registro` int(11) DEFAULT NULL,
  `fecha_actualizacion` datetime DEFAULT NULL,
  `usuario_actualizacion` int(11) DEFAULT NULL,
  PRIMARY KEY (`id`)
) ENGINE=MyISAM DEFAULT CHARSET=utf8;

/*Table structure for table `default_keywords` */

DROP TABLE IF EXISTS `default_keywords`;

CREATE TABLE `default_keywords` (
  `id` int(11) NOT NULL AUTO_INCREMENT,
  `name` varchar(50) COLLATE utf8_unicode_ci NOT NULL,
  PRIMARY KEY (`id`)
) ENGINE=InnoDB DEFAULT CHARSET=utf8 COLLATE=utf8_unicode_ci;

/*Table structure for table `default_keywords_applied` */

DROP TABLE IF EXISTS `default_keywords_applied`;

CREATE TABLE `default_keywords_applied` (
  `id` int(11) NOT NULL AUTO_INCREMENT,
  `hash` char(32) COLLATE utf8_unicode_ci NOT NULL DEFAULT '',
  `keyword_id` int(11) NOT NULL,
  PRIMARY KEY (`id`)
) ENGINE=InnoDB DEFAULT CHARSET=utf8 COLLATE=utf8_unicode_ci;

/*Table structure for table `default_migrations` */

DROP TABLE IF EXISTS `default_migrations`;

CREATE TABLE `default_migrations` (
  `version` int(3) NOT NULL
) ENGINE=InnoDB DEFAULT CHARSET=utf8 COLLATE=utf8_unicode_ci;

/*Table structure for table `default_modules` */

DROP TABLE IF EXISTS `default_modules`;

CREATE TABLE `default_modules` (
  `id` int(11) NOT NULL AUTO_INCREMENT,
  `name` text COLLATE utf8_unicode_ci NOT NULL,
  `slug` varchar(50) COLLATE utf8_unicode_ci NOT NULL,
  `version` varchar(20) COLLATE utf8_unicode_ci NOT NULL,
  `type` varchar(20) COLLATE utf8_unicode_ci DEFAULT NULL,
  `description` text COLLATE utf8_unicode_ci,
  `skip_xss` tinyint(1) NOT NULL,
  `is_frontend` tinyint(1) NOT NULL,
  `is_backend` tinyint(1) NOT NULL,
  `menu` varchar(20) COLLATE utf8_unicode_ci NOT NULL,
  `enabled` tinyint(1) NOT NULL,
  `installed` tinyint(1) NOT NULL,
  `is_core` tinyint(1) NOT NULL,
  `updated_on` int(11) NOT NULL DEFAULT '0',
  PRIMARY KEY (`id`),
  UNIQUE KEY `slug` (`slug`),
  KEY `enabled` (`enabled`)
) ENGINE=MyISAM DEFAULT CHARSET=utf8 COLLATE=utf8_unicode_ci;

/*Table structure for table `default_navigation_groups` */

DROP TABLE IF EXISTS `default_navigation_groups`;

CREATE TABLE `default_navigation_groups` (
  `id` int(11) NOT NULL AUTO_INCREMENT,
  `title` varchar(50) COLLATE utf8_unicode_ci NOT NULL,
  `abbrev` varchar(50) COLLATE utf8_unicode_ci NOT NULL,
  PRIMARY KEY (`id`),
  KEY `abbrev` (`abbrev`)
) ENGINE=InnoDB DEFAULT CHARSET=utf8 COLLATE=utf8_unicode_ci;

/*Table structure for table `default_navigation_links` */

DROP TABLE IF EXISTS `default_navigation_links`;

CREATE TABLE `default_navigation_links` (
  `id` int(11) NOT NULL AUTO_INCREMENT,
  `title` varchar(100) COLLATE utf8_unicode_ci NOT NULL DEFAULT '',
  `parent` int(11) DEFAULT NULL,
  `link_type` varchar(20) COLLATE utf8_unicode_ci NOT NULL DEFAULT 'uri',
  `page_id` int(11) DEFAULT NULL,
  `module_name` varchar(50) COLLATE utf8_unicode_ci NOT NULL DEFAULT '',
  `url` varchar(255) COLLATE utf8_unicode_ci NOT NULL DEFAULT '',
  `uri` varchar(255) COLLATE utf8_unicode_ci NOT NULL DEFAULT '',
  `navigation_group_id` int(5) NOT NULL DEFAULT '0',
  `position` int(5) NOT NULL DEFAULT '0',
  `target` varchar(10) COLLATE utf8_unicode_ci DEFAULT NULL,
  `restricted_to` varchar(255) COLLATE utf8_unicode_ci DEFAULT NULL,
  `class` varchar(255) COLLATE utf8_unicode_ci NOT NULL DEFAULT '',
  PRIMARY KEY (`id`),
  KEY `navigation_group_id` (`navigation_group_id`)
) ENGINE=InnoDB DEFAULT CHARSET=utf8 COLLATE=utf8_unicode_ci;

/*Table structure for table `default_page_chunks` */

DROP TABLE IF EXISTS `default_page_chunks`;

CREATE TABLE `default_page_chunks` (
  `id` int(11) NOT NULL AUTO_INCREMENT,
  `slug` varchar(255) COLLATE utf8_unicode_ci NOT NULL,
  `class` varchar(255) COLLATE utf8_unicode_ci NOT NULL DEFAULT '',
  `page_id` int(11) NOT NULL,
  `body` text COLLATE utf8_unicode_ci NOT NULL,
  `parsed` text COLLATE utf8_unicode_ci,
  `type` set('html','markdown','wysiwyg-advanced','wysiwyg-simple') COLLATE utf8_unicode_ci NOT NULL,
  `sort` int(11) NOT NULL,
  PRIMARY KEY (`id`)
) ENGINE=InnoDB DEFAULT CHARSET=utf8 COLLATE=utf8_unicode_ci;

/*Table structure for table `default_page_layouts` */

DROP TABLE IF EXISTS `default_page_layouts`;

CREATE TABLE `default_page_layouts` (
  `id` int(11) NOT NULL AUTO_INCREMENT,
  `title` varchar(60) COLLATE utf8_unicode_ci NOT NULL,
  `body` text COLLATE utf8_unicode_ci NOT NULL,
  `css` text COLLATE utf8_unicode_ci,
  `js` text COLLATE utf8_unicode_ci,
  `theme_layout` varchar(100) COLLATE utf8_unicode_ci NOT NULL DEFAULT 'default',
  `updated_on` int(11) NOT NULL,
  PRIMARY KEY (`id`)
) ENGINE=InnoDB DEFAULT CHARSET=utf8 COLLATE=utf8_unicode_ci;

/*Table structure for table `default_pages` */

DROP TABLE IF EXISTS `default_pages`;

CREATE TABLE `default_pages` (
  `id` int(11) NOT NULL AUTO_INCREMENT,
  `slug` varchar(255) COLLATE utf8_unicode_ci NOT NULL DEFAULT '',
  `class` varchar(255) COLLATE utf8_unicode_ci NOT NULL DEFAULT '',
  `title` varchar(255) COLLATE utf8_unicode_ci NOT NULL DEFAULT '',
  `uri` text COLLATE utf8_unicode_ci,
  `parent_id` int(11) NOT NULL DEFAULT '0',
  `revision_id` varchar(255) COLLATE utf8_unicode_ci NOT NULL DEFAULT '1',
  `layout_id` varchar(255) COLLATE utf8_unicode_ci NOT NULL,
  `css` text COLLATE utf8_unicode_ci,
  `js` text COLLATE utf8_unicode_ci,
  `meta_title` varchar(255) COLLATE utf8_unicode_ci DEFAULT NULL,
  `meta_keywords` char(32) COLLATE utf8_unicode_ci DEFAULT NULL,
  `meta_description` text COLLATE utf8_unicode_ci,
  `rss_enabled` int(1) NOT NULL DEFAULT '0',
  `comments_enabled` int(1) NOT NULL DEFAULT '0',
  `status` enum('draft','live') COLLATE utf8_unicode_ci NOT NULL DEFAULT 'draft',
  `created_on` int(11) NOT NULL DEFAULT '0',
  `updated_on` int(11) NOT NULL DEFAULT '0',
  `restricted_to` varchar(255) COLLATE utf8_unicode_ci DEFAULT NULL,
  `is_home` int(1) NOT NULL DEFAULT '0',
  `strict_uri` tinyint(1) NOT NULL DEFAULT '1',
  `order` int(11) NOT NULL DEFAULT '0',
  PRIMARY KEY (`id`),
  KEY `slug` (`slug`),
  KEY `parent_id` (`parent_id`)
) ENGINE=InnoDB DEFAULT CHARSET=utf8 COLLATE=utf8_unicode_ci;

/*Table structure for table `default_permissions` */

DROP TABLE IF EXISTS `default_permissions`;

CREATE TABLE `default_permissions` (
  `id` int(11) NOT NULL AUTO_INCREMENT,
  `group_id` int(11) NOT NULL,
  `module` varchar(50) COLLATE utf8_unicode_ci NOT NULL,
  `roles` text COLLATE utf8_unicode_ci,
  PRIMARY KEY (`id`),
  KEY `group_id` (`group_id`)
) ENGINE=InnoDB DEFAULT CHARSET=utf8 COLLATE=utf8_unicode_ci;

/*Table structure for table `default_profiles` */

DROP TABLE IF EXISTS `default_profiles`;

CREATE TABLE `default_profiles` (
  `id` int(9) NOT NULL AUTO_INCREMENT,
  `created` datetime DEFAULT NULL,
  `updated` datetime DEFAULT NULL,
  `created_by` int(11) DEFAULT NULL,
  `ordering_count` int(11) DEFAULT NULL,
  `user_id` int(11) unsigned NOT NULL,
  `display_name` varchar(50) COLLATE utf8_unicode_ci NOT NULL,
  `first_name` varchar(50) COLLATE utf8_unicode_ci NOT NULL,
  `last_name` varchar(50) COLLATE utf8_unicode_ci NOT NULL,
  `company` varchar(100) COLLATE utf8_unicode_ci DEFAULT NULL,
  `lang` varchar(2) COLLATE utf8_unicode_ci NOT NULL DEFAULT 'en',
  `bio` text COLLATE utf8_unicode_ci,
  `dob` int(11) DEFAULT NULL,
  `gender` set('m','f','') COLLATE utf8_unicode_ci DEFAULT NULL,
  `phone` varchar(20) COLLATE utf8_unicode_ci DEFAULT NULL,
  `mobile` varchar(20) COLLATE utf8_unicode_ci DEFAULT NULL,
  `address_line1` varchar(255) COLLATE utf8_unicode_ci DEFAULT NULL,
  `address_line2` varchar(255) COLLATE utf8_unicode_ci DEFAULT NULL,
  `address_line3` varchar(255) COLLATE utf8_unicode_ci DEFAULT NULL,
  `postcode` varchar(20) COLLATE utf8_unicode_ci DEFAULT NULL,
  `website` varchar(255) COLLATE utf8_unicode_ci DEFAULT NULL,
  `updated_on` int(11) unsigned DEFAULT NULL,
  PRIMARY KEY (`id`),
  KEY `user_id` (`user_id`)
) ENGINE=MyISAM DEFAULT CHARSET=utf8 COLLATE=utf8_unicode_ci;

/*Table structure for table `default_redirects` */

DROP TABLE IF EXISTS `default_redirects`;

CREATE TABLE `default_redirects` (
  `id` int(11) NOT NULL AUTO_INCREMENT,
  `from` varchar(250) COLLATE utf8_unicode_ci NOT NULL,
  `to` varchar(250) COLLATE utf8_unicode_ci NOT NULL,
  `type` int(3) NOT NULL DEFAULT '302',
  PRIMARY KEY (`id`),
  KEY `from` (`from`)
) ENGINE=InnoDB DEFAULT CHARSET=utf8 COLLATE=utf8_unicode_ci;

/*Table structure for table `default_settings` */

DROP TABLE IF EXISTS `default_settings`;

CREATE TABLE `default_settings` (
  `slug` varchar(30) COLLATE utf8_unicode_ci NOT NULL,
  `title` varchar(100) COLLATE utf8_unicode_ci NOT NULL,
  `description` text COLLATE utf8_unicode_ci NOT NULL,
  `type` set('text','textarea','password','select','select-multiple','radio','checkbox') COLLATE utf8_unicode_ci NOT NULL,
  `default` text COLLATE utf8_unicode_ci NOT NULL,
  `value` text COLLATE utf8_unicode_ci NOT NULL,
  `options` varchar(255) COLLATE utf8_unicode_ci NOT NULL,
  `is_required` int(1) NOT NULL,
  `is_gui` int(1) NOT NULL,
  `module` varchar(50) COLLATE utf8_unicode_ci NOT NULL,
  `order` int(10) NOT NULL DEFAULT '0',
  PRIMARY KEY (`slug`),
  UNIQUE KEY `unique_slug` (`slug`),
  KEY `slug` (`slug`)
) ENGINE=InnoDB DEFAULT CHARSET=utf8 COLLATE=utf8_unicode_ci;

/*Table structure for table `default_theme_options` */

DROP TABLE IF EXISTS `default_theme_options`;

CREATE TABLE `default_theme_options` (
  `id` int(11) NOT NULL AUTO_INCREMENT,
  `slug` varchar(30) COLLATE utf8_unicode_ci NOT NULL,
  `title` varchar(100) COLLATE utf8_unicode_ci NOT NULL,
  `description` text COLLATE utf8_unicode_ci NOT NULL,
  `type` set('text','textarea','password','select','select-multiple','radio','checkbox') COLLATE utf8_unicode_ci NOT NULL,
  `default` varchar(255) COLLATE utf8_unicode_ci NOT NULL,
  `value` varchar(255) COLLATE utf8_unicode_ci NOT NULL,
  `options` varchar(255) COLLATE utf8_unicode_ci NOT NULL,
  `is_required` int(1) NOT NULL,
  `theme` varchar(50) COLLATE utf8_unicode_ci NOT NULL,
  PRIMARY KEY (`id`)
) ENGINE=InnoDB DEFAULT CHARSET=utf8 COLLATE=utf8_unicode_ci;

/*Table structure for table `default_users` */

DROP TABLE IF EXISTS `default_users`;

CREATE TABLE `default_users` (
  `id` int(11) NOT NULL AUTO_INCREMENT,
  `email` varchar(60) DEFAULT NULL,
  `password` varchar(100) DEFAULT NULL,
  `salt` varchar(6) DEFAULT NULL,
  `group_id` int(11) NOT NULL,
  `ip_address` varchar(16) DEFAULT NULL,
  `active` int(11) DEFAULT NULL,
  `activation_code` varchar(40) DEFAULT NULL,
  `created_on` int(11) DEFAULT NULL,
  `last_login` int(11) DEFAULT NULL,
  `username` varchar(20) DEFAULT NULL,
  `forgotten_password_code` varchar(40) DEFAULT NULL,
  `remember_code` varchar(40) DEFAULT NULL,
  `nombres` varchar(64) DEFAULT NULL,
  `apellidos` varchar(64) DEFAULT NULL,
  `direccion` varchar(128) DEFAULT NULL,
  `telefono1` varchar(16) DEFAULT NULL,
  `telefono2` varchar(16) DEFAULT NULL,
  `dni` varchar(12) DEFAULT NULL,
  `estado` tinyint(4) DEFAULT '0',
  `fecha_registro` datetime DEFAULT NULL,
  `usuario_registro` int(11) DEFAULT NULL,
  `fecha_actualizacion` datetime DEFAULT NULL,
  `usuario_actualizacion` int(11) DEFAULT NULL,
  PRIMARY KEY (`id`)
) ENGINE=MyISAM DEFAULT CHARSET=utf8;

/*Table structure for table `default_variables` */

DROP TABLE IF EXISTS `default_variables`;

CREATE TABLE `default_variables` (
  `id` int(11) NOT NULL AUTO_INCREMENT,
  `name` varchar(250) COLLATE utf8_unicode_ci DEFAULT NULL,
  `data` varchar(250) COLLATE utf8_unicode_ci DEFAULT NULL,
  PRIMARY KEY (`id`)
) ENGINE=InnoDB DEFAULT CHARSET=utf8 COLLATE=utf8_unicode_ci;

/*Table structure for table `default_widget_areas` */

DROP TABLE IF EXISTS `default_widget_areas`;

CREATE TABLE `default_widget_areas` (
  `id` int(11) NOT NULL AUTO_INCREMENT,
  `slug` varchar(100) COLLATE utf8_unicode_ci DEFAULT NULL,
  `title` varchar(100) COLLATE utf8_unicode_ci DEFAULT NULL,
  PRIMARY KEY (`id`)
) ENGINE=InnoDB DEFAULT CHARSET=utf8 COLLATE=utf8_unicode_ci;

/*Table structure for table `default_widget_instances` */

DROP TABLE IF EXISTS `default_widget_instances`;

CREATE TABLE `default_widget_instances` (
  `id` int(11) NOT NULL AUTO_INCREMENT,
  `title` varchar(100) COLLATE utf8_unicode_ci DEFAULT NULL,
  `widget_id` int(11) DEFAULT NULL,
  `widget_area_id` int(11) DEFAULT NULL,
  `options` text COLLATE utf8_unicode_ci NOT NULL,
  `order` int(10) NOT NULL DEFAULT '0',
  `created_on` int(11) NOT NULL DEFAULT '0',
  `updated_on` int(11) NOT NULL DEFAULT '0',
  PRIMARY KEY (`id`)
) ENGINE=InnoDB DEFAULT CHARSET=utf8 COLLATE=utf8_unicode_ci;

/*Table structure for table `default_widgets` */

DROP TABLE IF EXISTS `default_widgets`;

CREATE TABLE `default_widgets` (
  `id` int(11) NOT NULL AUTO_INCREMENT,
  `slug` varchar(100) COLLATE utf8_unicode_ci NOT NULL DEFAULT '',
  `title` text COLLATE utf8_unicode_ci NOT NULL,
  `description` text COLLATE utf8_unicode_ci NOT NULL,
  `author` varchar(100) COLLATE utf8_unicode_ci NOT NULL DEFAULT '',
  `website` varchar(255) COLLATE utf8_unicode_ci NOT NULL DEFAULT '',
  `version` varchar(20) COLLATE utf8_unicode_ci NOT NULL DEFAULT '0',
  `enabled` int(1) NOT NULL DEFAULT '1',
  `order` int(10) NOT NULL DEFAULT '0',
  `updated_on` int(11) NOT NULL DEFAULT '0',
  PRIMARY KEY (`id`)
) ENGINE=InnoDB DEFAULT CHARSET=utf8 COLLATE=utf8_unicode_ci;



insert  into `{PREFIX}profiles`(`id`,`user_id`,`display_name`,`first_name`,`last_name`,`company`,`lang`,`bio`,`dob`,`gender`,`phone`,`mobile`,`address_line1`,`address_line2`,`address_line3`,`postcode`,`website`,`updated_on`) values (1,1,'{DISPLAY-NAME}','{FIRST-NAME}','{LAST-NAME}','','en',NULL,NULL,NULL,NULL,NULL,NULL,NULL,NULL,NULL,NULL,NULL);


/*Data for the table `core_settings` */

insert  into `core_settings`(`slug`,`default`,`value`) values ('date_format','g:ia -- m/d/y','g:ia -- m/d/y');
insert  into `core_settings`(`slug`,`default`,`value`) values ('lang_direction','ltr','ltr');
insert  into `core_settings`(`slug`,`default`,`value`) values ('status_message','This site has been disabled by a super-administrator.','This site has been disabled by a super-administrator.');

/*Data for the table `core_sites` */

insert  into `core_sites`(`id`,`name`,`ref`,`domain`,`active`,`created_on`,`updated_on`) values (1,'Default Site','default','admin3.micanal.dev',1,1358180062,0);

/*Data for the table `core_users` */

/*Data for the table `default_blog` */

/*Data for the table `default_blog_categories` */

insert  into `default_blog_categories`(`id`,`slug`,`title`) values (1,'categoria-1','Categoria 1');

/*Data for the table `default_ci_sessions` */

/*Data for the table `default_cms_canales` */

insert  into `default_cms_canales`(`id`,`tipo_canales_id`,`alias`,`nombre`,`descripcion`,`apikey`,`playerkey`,`id_mongo`,`cantidad_suscriptores`,`estado`,`fecha_registro`,`usuario_registro`,`fecha_actualizacion`,`usuario_actualizacion`,`estado_migracion`,`fecha_migracion`,`fecha_migracion_actualizacion`,`estado_migracion_sphinx`,`fecha_migracion_sphinx`,`fecha_migracion_actualizacion_sphinx`) values (1,5,'','Mi Canal','Mi Canal','3b540fec2d40b445f91432821079128d','3b540fec2d40b445f91432821079128d',NULL,NULL,1,NULL,NULL,NULL,NULL,9,'2013-04-18 10:31:40',NULL,2,'2013-05-13 19:15:08',NULL);

/*Data for the table `default_cms_categorias` */

insert  into `default_cms_categorias`(`id`,`nombre`,`alias`,`estado`,`fecha_registro`,`usuario_registro`,`fecha_actualizacion`,`usuario_actualizacion`,`estado_migracion`,`fecha_migracion`,`fecha_migracion_actualizacion`,`categorias_id`) values (1,'Entretenimiento','entretenimiento',1,'2012-02-01 00:00:00',1,'2012-02-01 00:00:00',NULL,0,NULL,NULL,0);
insert  into `default_cms_categorias`(`id`,`nombre`,`alias`,`estado`,`fecha_registro`,`usuario_registro`,`fecha_actualizacion`,`usuario_actualizacion`,`estado_migracion`,`fecha_migracion`,`fecha_migracion_actualizacion`,`categorias_id`) values (2,'Deporte','deporte',1,'2012-02-01 00:00:00',1,'2012-02-01 00:00:00',NULL,0,NULL,NULL,0);
insert  into `default_cms_categorias`(`id`,`nombre`,`alias`,`estado`,`fecha_registro`,`usuario_registro`,`fecha_actualizacion`,`usuario_actualizacion`,`estado_migracion`,`fecha_migracion`,`fecha_migracion_actualizacion`,`categorias_id`) values (3,'Noticias','noticias',1,'2012-02-01 00:00:00',1,'2012-02-01 00:00:00',NULL,0,NULL,NULL,0);
insert  into `default_cms_categorias`(`id`,`nombre`,`alias`,`estado`,`fecha_registro`,`usuario_registro`,`fecha_actualizacion`,`usuario_actualizacion`,`estado_migracion`,`fecha_migracion`,`fecha_migracion_actualizacion`,`categorias_id`) values (4,'Msica','musica',1,'2012-02-01 00:00:00',1,'2012-02-01 00:00:00',NULL,0,NULL,NULL,0);
insert  into `default_cms_categorias`(`id`,`nombre`,`alias`,`estado`,`fecha_registro`,`usuario_registro`,`fecha_actualizacion`,`usuario_actualizacion`,`estado_migracion`,`fecha_migracion`,`fecha_migracion_actualizacion`,`categorias_id`) values (5,'Gastronoma','gastronomia',1,'2012-02-01 00:00:00',1,'2012-02-01 00:00:00',NULL,0,NULL,NULL,0);
insert  into `default_cms_categorias`(`id`,`nombre`,`alias`,`estado`,`fecha_registro`,`usuario_registro`,`fecha_actualizacion`,`usuario_actualizacion`,`estado_migracion`,`fecha_migracion`,`fecha_migracion_actualizacion`,`categorias_id`) values (6,'Turismo','turismo',1,'2012-02-01 00:00:00',1,'2012-02-01 00:00:00',NULL,0,NULL,NULL,0);
insert  into `default_cms_categorias`(`id`,`nombre`,`alias`,`estado`,`fecha_registro`,`usuario_registro`,`fecha_actualizacion`,`usuario_actualizacion`,`estado_migracion`,`fecha_migracion`,`fecha_migracion_actualizacion`,`categorias_id`) values (7,'Series de TV','series-de-tv',1,'2012-02-01 00:00:00',1,'2012-02-01 00:00:00',NULL,0,NULL,NULL,1);
insert  into `default_cms_categorias`(`id`,`nombre`,`alias`,`estado`,`fecha_registro`,`usuario_registro`,`fecha_actualizacion`,`usuario_actualizacion`,`estado_migracion`,`fecha_migracion`,`fecha_migracion_actualizacion`,`categorias_id`) values (8,'Reality','reality',1,'2012-02-01 00:00:00',1,'2012-02-01 00:00:00',NULL,0,NULL,NULL,1);
insert  into `default_cms_categorias`(`id`,`nombre`,`alias`,`estado`,`fecha_registro`,`usuario_registro`,`fecha_actualizacion`,`usuario_actualizacion`,`estado_migracion`,`fecha_migracion`,`fecha_migracion_actualizacion`,`categorias_id`) values (9,'Novelas','novelas',1,'2012-02-01 00:00:00',1,'2012-02-01 00:00:00',NULL,0,NULL,NULL,1);
insert  into `default_cms_categorias`(`id`,`nombre`,`alias`,`estado`,`fecha_registro`,`usuario_registro`,`fecha_actualizacion`,`usuario_actualizacion`,`estado_migracion`,`fecha_migracion`,`fecha_migracion_actualizacion`,`categorias_id`) values (10,'Infantiles','infantiles',1,'2012-02-01 00:00:00',1,'2012-02-01 00:00:00',NULL,0,NULL,NULL,1);
insert  into `default_cms_categorias`(`id`,`nombre`,`alias`,`estado`,`fecha_registro`,`usuario_registro`,`fecha_actualizacion`,`usuario_actualizacion`,`estado_migracion`,`fecha_migracion`,`fecha_migracion_actualizacion`,`categorias_id`) values (12,'Humor','humor',1,'2012-02-01 00:00:00',1,'2012-02-01 00:00:00',NULL,0,NULL,NULL,1);
insert  into `default_cms_categorias`(`id`,`nombre`,`alias`,`estado`,`fecha_registro`,`usuario_registro`,`fecha_actualizacion`,`usuario_actualizacion`,`estado_migracion`,`fecha_migracion`,`fecha_migracion_actualizacion`,`categorias_id`) values (13,'Modas','modas',1,'2013-05-06 12:41:56',1,'2013-05-06 12:42:10',1,0,NULL,NULL,1);

insert  into `default_cms_templates`(`id`,`nombre`,`descripcion`,`fecha_registro`,`usuario_registro`,`fecha_actualizacion`,`usuario_actualizacion`) values (1,'destacado','seccion destacados',NULL,NULL,NULL,NULL);
insert  into `default_cms_templates`(`id`,`nombre`,`descripcion`,`fecha_registro`,`usuario_registro`,`fecha_actualizacion`,`usuario_actualizacion`) values (2,'3 items','seccion de 3 items',NULL,NULL,NULL,NULL);
insert  into `default_cms_templates`(`id`,`nombre`,`descripcion`,`fecha_registro`,`usuario_registro`,`fecha_actualizacion`,`usuario_actualizacion`) values (3,'4 items','seccion de 4 items',NULL,NULL,NULL,NULL);
insert  into `default_cms_templates`(`id`,`nombre`,`descripcion`,`fecha_registro`,`usuario_registro`,`fecha_actualizacion`,`usuario_actualizacion`) values (4,'5 items','seccion de 5 items',NULL,NULL,NULL,NULL);
insert  into `default_cms_templates`(`id`,`nombre`,`descripcion`,`fecha_registro`,`usuario_registro`,`fecha_actualizacion`,`usuario_actualizacion`) values (5,'8 items','seccion de 8 items',NULL,NULL,NULL,NULL);
insert  into `default_cms_templates`(`id`,`nombre`,`descripcion`,`fecha_registro`,`usuario_registro`,`fecha_actualizacion`,`usuario_actualizacion`) values (6,'n items','seccion de n items',NULL,NULL,NULL,NULL);
insert  into `default_cms_templates`(`id`,`nombre`,`descripcion`,`fecha_registro`,`usuario_registro`,`fecha_actualizacion`,`usuario_actualizacion`) values (7,'destacado2','seccion de tipo destacado 2',NULL,NULL,NULL,NULL);
insert  into `default_cms_templates`(`id`,`nombre`,`descripcion`,`fecha_registro`,`usuario_registro`,`fecha_actualizacion`,`usuario_actualizacion`) values (8,'8 items con descripcion','seccion de 8 items con descripcion',NULL,NULL,NULL,NULL);


insert  into `default_cms_portadas`(`id`,`canales_id`,`nombre`,`descripcion`,`tipo_portadas_id`,`origen_id`,`estado`,`fecha_registro`,`usuario_registro`,`fecha_actualizacion`,`usuario_actualizacion`,`id_mongo`,`estado_migracion`,`fecha_migracion`,`fecha_migracion_actualizacion`) values (18,1,'Portada Principal Mi Canal','Portada Principal Mi Canal',1,NULL,1,NULL,NULL,NULL,NULL,'5194165ac8437e9e1d00001e',2,'2013-05-15 18:12:26','2013-05-15 20:23:50');
insert  into `default_cms_portadas`(`id`,`canales_id`,`nombre`,`descripcion`,`tipo_portadas_id`,`origen_id`,`estado`,`fecha_registro`,`usuario_registro`,`fecha_actualizacion`,`usuario_actualizacion`,`id_mongo`,`estado_migracion`,`fecha_migracion`,`fecha_migracion_actualizacion`) values (351,1,'economa','asdsafsf',5,28,1,'2013-03-25 16:44:50',1,'2013-03-25 16:44:50',1,'51941660c8437e9e1d0000f1',2,'2013-05-15 18:12:32','2013-05-15 20:23:54');
insert  into `default_cms_portadas`(`id`,`canales_id`,`nombre`,`descripcion`,`tipo_portadas_id`,`origen_id`,`estado`,`fecha_registro`,`usuario_registro`,`fecha_actualizacion`,`usuario_actualizacion`,`id_mongo`,`estado_migracion`,`fecha_migracion`,`fecha_migracion_actualizacion`) values (352,1,'Portada Serie de TV','Portada que incluye todas las series de tv',2,7,1,'2013-03-26 16:38:13',1,'2013-03-26 16:38:13',1,'51941660c8437e9e1d0000f2',2,'2013-05-15 18:12:32','2013-05-15 20:23:54');
insert  into `default_cms_portadas`(`id`,`canales_id`,`nombre`,`descripcion`,`tipo_portadas_id`,`origen_id`,`estado`,`fecha_registro`,`usuario_registro`,`fecha_actualizacion`,`usuario_actualizacion`,`id_mongo`,`estado_migracion`,`fecha_migracion`,`fecha_migracion_actualizacion`) values (353,1,'Portada Reality','Programas de Reality',2,8,1,'2013-03-26 16:44:49',1,'2013-03-26 16:44:49',1,'51941660c8437e9e1d0000f6',2,'2013-05-15 18:12:32','2013-05-15 20:23:55');
insert  into `default_cms_portadas`(`id`,`canales_id`,`nombre`,`descripcion`,`tipo_portadas_id`,`origen_id`,`estado`,`fecha_registro`,`usuario_registro`,`fecha_actualizacion`,`usuario_actualizacion`,`id_mongo`,`estado_migracion`,`fecha_migracion`,`fecha_migracion_actualizacion`) values (354,1,'Portada Novelas','Portada de novelas',2,9,1,'2013-03-26 17:37:29',1,'2013-03-26 17:37:29',1,'51941660c8437e9e1d0000fa',2,'2013-05-15 18:12:32','2013-05-15 20:23:55');
insert  into `default_cms_portadas`(`id`,`canales_id`,`nombre`,`descripcion`,`tipo_portadas_id`,`origen_id`,`estado`,`fecha_registro`,`usuario_registro`,`fecha_actualizacion`,`usuario_actualizacion`,`id_mongo`,`estado_migracion`,`fecha_migracion`,`fecha_migracion_actualizacion`) values (355,1,'Portada Infantiles','Portada de infantiles',2,10,1,'2013-03-26 17:42:04',1,'2013-03-26 17:42:04',1,'51941660c8437e9e1d0000fe',2,'2013-05-15 18:12:32','2013-05-15 20:23:55');
insert  into `default_cms_portadas`(`id`,`canales_id`,`nombre`,`descripcion`,`tipo_portadas_id`,`origen_id`,`estado`,`fecha_registro`,`usuario_registro`,`fecha_actualizacion`,`usuario_actualizacion`,`id_mongo`,`estado_migracion`,`fecha_migracion`,`fecha_migracion_actualizacion`) values (356,1,'Portada Humor','Portada de programas de humor',2,12,1,'2013-03-26 17:42:26',1,'2013-03-26 17:42:26',1,'51941660c8437e9e1d000102',2,'2013-05-15 18:12:32','2013-05-15 20:23:55');
insert  into `default_cms_portadas`(`id`,`canales_id`,`nombre`,`descripcion`,`tipo_portadas_id`,`origen_id`,`estado`,`fecha_registro`,`usuario_registro`,`fecha_actualizacion`,`usuario_actualizacion`,`id_mongo`,`estado_migracion`,`fecha_migracion`,`fecha_migracion_actualizacion`) values (357,1,'Portada Deportes','Portada de programa de deportes',2,2,1,'2013-03-26 17:44:05',1,'2013-03-26 17:44:05',1,'51941660c8437e9e1d000106',2,'2013-05-15 18:12:32','2013-05-15 20:23:55');
insert  into `default_cms_portadas`(`id`,`canales_id`,`nombre`,`descripcion`,`tipo_portadas_id`,`origen_id`,`estado`,`fecha_registro`,`usuario_registro`,`fecha_actualizacion`,`usuario_actualizacion`,`id_mongo`,`estado_migracion`,`fecha_migracion`,`fecha_migracion_actualizacion`) values (358,1,'Portada Noticias','Portada de noticias',2,3,1,'2013-03-26 17:46:11',1,'2013-03-26 17:46:11',1,'51941660c8437e9e1d00010a',2,'2013-05-15 18:12:32','2013-05-15 20:23:55');
insert  into `default_cms_portadas`(`id`,`canales_id`,`nombre`,`descripcion`,`tipo_portadas_id`,`origen_id`,`estado`,`fecha_registro`,`usuario_registro`,`fecha_actualizacion`,`usuario_actualizacion`,`id_mongo`,`estado_migracion`,`fecha_migracion`,`fecha_migracion_actualizacion`) values (359,1,'Portada Musica','Portada de Musica',2,4,1,'2013-03-26 17:47:00',1,'2013-03-26 17:47:00',1,'51941660c8437e9e1d00010e',2,'2013-05-15 18:12:32','2013-05-15 20:23:55');
insert  into `default_cms_portadas`(`id`,`canales_id`,`nombre`,`descripcion`,`tipo_portadas_id`,`origen_id`,`estado`,`fecha_registro`,`usuario_registro`,`fecha_actualizacion`,`usuario_actualizacion`,`id_mongo`,`estado_migracion`,`fecha_migracion`,`fecha_migracion_actualizacion`) values (360,1,'Portada Gastronomia','Gastronomia',2,5,1,'2013-03-26 17:47:27',1,'2013-03-26 17:47:27',1,'51941661c8437e9e1d000112',2,'2013-05-15 18:12:33','2013-05-15 20:23:55');
insert  into `default_cms_portadas`(`id`,`canales_id`,`nombre`,`descripcion`,`tipo_portadas_id`,`origen_id`,`estado`,`fecha_registro`,`usuario_registro`,`fecha_actualizacion`,`usuario_actualizacion`,`id_mongo`,`estado_migracion`,`fecha_migracion`,`fecha_migracion_actualizacion`) values (361,1,'Portada Turismo','Portada de turismo',2,6,1,'2013-03-26 17:48:31',1,'2013-03-26 17:48:31',1,'51941661c8437e9e1d000116',2,'2013-05-15 18:12:33','2013-05-15 20:23:55');

/*Data for the table `default_cms_reglas` */

/*Data for the table `default_cms_roles` */

/*Data for the table `default_cms_secciones` */

insert  into `default_cms_secciones`(`id`,`nombre`,`descripcion`,`tipo`,`portadas_id`,`tipo_secciones_id`,`reglas_id`,`categorias_id`,`tags_id`,`peso`,`id_mongo`,`estado`,`templates_id`,`fecha_registro`,`usuario_registro`,`fecha_actualizacion`,`usuario_actualizacion`,`estado_migracion`,`fecha_migracion`,`fecha_migracion_actualizacion`,`grupo_maestros_id`) values (67,'Destacado','Destacado',0,18,1,NULL,NULL,NULL,0,'5194165ac8437e9e1d00001f',1,1,NULL,NULL,'2013-05-15 23:39:50',1,2,'2013-05-15 18:12:26','2013-05-15 20:23:50',NULL);
insert  into `default_cms_secciones`(`id`,`nombre`,`descripcion`,`tipo`,`portadas_id`,`tipo_secciones_id`,`reglas_id`,`categorias_id`,`tags_id`,`peso`,`id_mongo`,`estado`,`templates_id`,`fecha_registro`,`usuario_registro`,`fecha_actualizacion`,`usuario_actualizacion`,`estado_migracion`,`fecha_migracion`,`fecha_migracion_actualizacion`,`grupo_maestros_id`) values (68,'Imperdibles','Imperdibles',0,18,10,NULL,NULL,NULL,2,'5194165ac8437e9e1d000020',1,2,NULL,NULL,'2013-04-04 22:23:26',1,2,'2013-05-15 18:12:26','2013-05-15 20:23:50',NULL);
insert  into `default_cms_secciones`(`id`,`nombre`,`descripcion`,`tipo`,`portadas_id`,`tipo_secciones_id`,`reglas_id`,`categorias_id`,`tags_id`,`peso`,`id_mongo`,`estado`,`templates_id`,`fecha_registro`,`usuario_registro`,`fecha_actualizacion`,`usuario_actualizacion`,`estado_migracion`,`fecha_migracion`,`fecha_migracion_actualizacion`,`grupo_maestros_id`) values (70,'AL FONDO HAY SITIO','AL FONDO HAY SITIO',0,18,2,NULL,NULL,NULL,4,'5194165ac8437e9e1d000021',1,4,NULL,NULL,'2013-05-16 00:11:27',1,2,'2013-05-15 18:12:26','2013-05-15 20:23:50',NULL);
insert  into `default_cms_secciones`(`id`,`nombre`,`descripcion`,`tipo`,`portadas_id`,`tipo_secciones_id`,`reglas_id`,`categorias_id`,`tags_id`,`peso`,`id_mongo`,`estado`,`templates_id`,`fecha_registro`,`usuario_registro`,`fecha_actualizacion`,`usuario_actualizacion`,`estado_migracion`,`fecha_migracion`,`fecha_migracion_actualizacion`,`grupo_maestros_id`) values (71,'CANALES','CANALES',0,18,10,NULL,NULL,NULL,5,'5194165ac8437e9e1d000022',1,5,NULL,NULL,'2013-05-15 23:23:18',1,2,'2013-05-15 18:12:26','2013-05-15 20:23:50',NULL);
insert  into `default_cms_secciones`(`id`,`nombre`,`descripcion`,`tipo`,`portadas_id`,`tipo_secciones_id`,`reglas_id`,`categorias_id`,`tags_id`,`peso`,`id_mongo`,`estado`,`templates_id`,`fecha_registro`,`usuario_registro`,`fecha_actualizacion`,`usuario_actualizacion`,`estado_migracion`,`fecha_migracion`,`fecha_migracion_actualizacion`,`grupo_maestros_id`) values (72,'YO SOY','YO SOY',0,18,2,NULL,NULL,NULL,6,'5194165bc8437e9e1d000023',1,4,NULL,NULL,'2013-05-15 23:41:51',1,2,'2013-05-15 18:12:27','2013-05-15 20:23:50',NULL);
insert  into `default_cms_secciones`(`id`,`nombre`,`descripcion`,`tipo`,`portadas_id`,`tipo_secciones_id`,`reglas_id`,`categorias_id`,`tags_id`,`peso`,`id_mongo`,`estado`,`templates_id`,`fecha_registro`,`usuario_registro`,`fecha_actualizacion`,`usuario_actualizacion`,`estado_migracion`,`fecha_migracion`,`fecha_migracion_actualizacion`,`grupo_maestros_id`) values (73,'ESTO ES GUERRA','ESTO ES GUERRA',0,18,2,NULL,NULL,NULL,7,'5194165bc8437e9e1d000024',1,4,NULL,NULL,'2013-05-16 00:10:50',1,2,'2013-05-15 18:12:27','2013-05-15 20:23:50',NULL);
insert  into `default_cms_secciones`(`id`,`nombre`,`descripcion`,`tipo`,`portadas_id`,`tipo_secciones_id`,`reglas_id`,`categorias_id`,`tags_id`,`peso`,`id_mongo`,`estado`,`templates_id`,`fecha_registro`,`usuario_registro`,`fecha_actualizacion`,`usuario_actualizacion`,`estado_migracion`,`fecha_migracion`,`fecha_migracion_actualizacion`,`grupo_maestros_id`) values (74,'COMBATE','COMBATE',0,18,2,NULL,NULL,NULL,8,'5194165bc8437e9e1d000025',1,4,NULL,NULL,'2013-04-03 22:05:59',1,2,'2013-05-15 18:12:27','2013-05-15 20:23:50',NULL);
insert  into `default_cms_secciones`(`id`,`nombre`,`descripcion`,`tipo`,`portadas_id`,`tipo_secciones_id`,`reglas_id`,`categorias_id`,`tags_id`,`peso`,`id_mongo`,`estado`,`templates_id`,`fecha_registro`,`usuario_registro`,`fecha_actualizacion`,`usuario_actualizacion`,`estado_migracion`,`fecha_migracion`,`fecha_migracion_actualizacion`,`grupo_maestros_id`) values (2811,'Destacado Serie de TV','Series destacadas',0,352,1,NULL,NULL,NULL,1,'51941660c8437e9e1d0000f3',1,1,'2013-03-26 16:39:27',1,'2013-04-05 17:04:32',1,2,'2013-05-15 18:12:32','2013-05-15 20:23:54',NULL);
insert  into `default_cms_secciones`(`id`,`nombre`,`descripcion`,`tipo`,`portadas_id`,`tipo_secciones_id`,`reglas_id`,`categorias_id`,`tags_id`,`peso`,`id_mongo`,`estado`,`templates_id`,`fecha_registro`,`usuario_registro`,`fecha_actualizacion`,`usuario_actualizacion`,`estado_migracion`,`fecha_migracion`,`fecha_migracion_actualizacion`,`grupo_maestros_id`) values (2812,'Destacado Reality','destacado de reality',0,353,1,NULL,NULL,NULL,1,'51941660c8437e9e1d0000f7',1,1,'2013-03-26 16:45:30',1,'2013-04-05 16:41:37',1,2,'2013-05-15 18:12:32','2013-05-15 20:23:55',NULL);
insert  into `default_cms_secciones`(`id`,`nombre`,`descripcion`,`tipo`,`portadas_id`,`tipo_secciones_id`,`reglas_id`,`categorias_id`,`tags_id`,`peso`,`id_mongo`,`estado`,`templates_id`,`fecha_registro`,`usuario_registro`,`fecha_actualizacion`,`usuario_actualizacion`,`estado_migracion`,`fecha_migracion`,`fecha_migracion_actualizacion`,`grupo_maestros_id`) values (2813,'Destacado Novelas','Novelas destacadas',0,354,1,NULL,NULL,NULL,1,'51941660c8437e9e1d0000fb',1,1,'2013-03-26 20:08:16',1,'2013-03-27 13:04:15',1,2,'2013-05-15 18:12:32','2013-05-15 20:23:55',NULL);
insert  into `default_cms_secciones`(`id`,`nombre`,`descripcion`,`tipo`,`portadas_id`,`tipo_secciones_id`,`reglas_id`,`categorias_id`,`tags_id`,`peso`,`id_mongo`,`estado`,`templates_id`,`fecha_registro`,`usuario_registro`,`fecha_actualizacion`,`usuario_actualizacion`,`estado_migracion`,`fecha_migracion`,`fecha_migracion_actualizacion`,`grupo_maestros_id`) values (2814,'Destacado Infantiles','Infantiles destacados',0,355,1,NULL,NULL,NULL,1,'51941660c8437e9e1d0000ff',1,1,'2013-03-26 20:08:42',1,'2013-03-27 13:07:02',1,2,'2013-05-15 18:12:32','2013-05-15 20:23:55',NULL);
insert  into `default_cms_secciones`(`id`,`nombre`,`descripcion`,`tipo`,`portadas_id`,`tipo_secciones_id`,`reglas_id`,`categorias_id`,`tags_id`,`peso`,`id_mongo`,`estado`,`templates_id`,`fecha_registro`,`usuario_registro`,`fecha_actualizacion`,`usuario_actualizacion`,`estado_migracion`,`fecha_migracion`,`fecha_migracion_actualizacion`,`grupo_maestros_id`) values (2815,'Destacado Humor','Humor destacados',0,356,1,NULL,NULL,NULL,1,'51941660c8437e9e1d000103',1,1,'2013-03-26 20:09:12',1,'2013-03-27 13:09:11',1,2,'2013-05-15 18:12:32','2013-05-15 20:23:55',NULL);
insert  into `default_cms_secciones`(`id`,`nombre`,`descripcion`,`tipo`,`portadas_id`,`tipo_secciones_id`,`reglas_id`,`categorias_id`,`tags_id`,`peso`,`id_mongo`,`estado`,`templates_id`,`fecha_registro`,`usuario_registro`,`fecha_actualizacion`,`usuario_actualizacion`,`estado_migracion`,`fecha_migracion`,`fecha_migracion_actualizacion`,`grupo_maestros_id`) values (2816,'Destacado Deporte','Deporte destacados',0,357,1,NULL,NULL,NULL,1,'51941660c8437e9e1d000107',1,1,'2013-03-26 20:09:31',1,'2013-03-27 13:11:14',1,2,'2013-05-15 18:12:32','2013-05-15 20:23:55',NULL);
insert  into `default_cms_secciones`(`id`,`nombre`,`descripcion`,`tipo`,`portadas_id`,`tipo_secciones_id`,`reglas_id`,`categorias_id`,`tags_id`,`peso`,`id_mongo`,`estado`,`templates_id`,`fecha_registro`,`usuario_registro`,`fecha_actualizacion`,`usuario_actualizacion`,`estado_migracion`,`fecha_migracion`,`fecha_migracion_actualizacion`,`grupo_maestros_id`) values (2817,'Destacado Noticias','Noticias destacadas',0,358,1,NULL,NULL,NULL,1,'51941660c8437e9e1d00010b',1,1,'2013-03-26 20:10:11',1,'2013-03-27 13:12:13',1,2,'2013-05-15 18:12:32','2013-05-15 20:23:55',NULL);
insert  into `default_cms_secciones`(`id`,`nombre`,`descripcion`,`tipo`,`portadas_id`,`tipo_secciones_id`,`reglas_id`,`categorias_id`,`tags_id`,`peso`,`id_mongo`,`estado`,`templates_id`,`fecha_registro`,`usuario_registro`,`fecha_actualizacion`,`usuario_actualizacion`,`estado_migracion`,`fecha_migracion`,`fecha_migracion_actualizacion`,`grupo_maestros_id`) values (2818,'Destacado Musica','Musica destacada',0,359,1,NULL,NULL,NULL,1,'51941660c8437e9e1d00010f',1,1,'2013-03-26 20:10:34',1,'2013-03-27 13:12:40',1,2,'2013-05-15 18:12:32','2013-05-15 20:23:55',NULL);
insert  into `default_cms_secciones`(`id`,`nombre`,`descripcion`,`tipo`,`portadas_id`,`tipo_secciones_id`,`reglas_id`,`categorias_id`,`tags_id`,`peso`,`id_mongo`,`estado`,`templates_id`,`fecha_registro`,`usuario_registro`,`fecha_actualizacion`,`usuario_actualizacion`,`estado_migracion`,`fecha_migracion`,`fecha_migracion_actualizacion`,`grupo_maestros_id`) values (2819,'Destacado Gastronomia','Gastronomia destacada',0,360,1,NULL,NULL,NULL,1,'51941661c8437e9e1d000113',1,1,'2013-03-26 20:10:59',1,'2013-03-27 13:13:19',1,2,'2013-05-15 18:12:33','2013-05-15 20:23:55',NULL);
insert  into `default_cms_secciones`(`id`,`nombre`,`descripcion`,`tipo`,`portadas_id`,`tipo_secciones_id`,`reglas_id`,`categorias_id`,`tags_id`,`peso`,`id_mongo`,`estado`,`templates_id`,`fecha_registro`,`usuario_registro`,`fecha_actualizacion`,`usuario_actualizacion`,`estado_migracion`,`fecha_migracion`,`fecha_migracion_actualizacion`,`grupo_maestros_id`) values (2820,'Destacado Turismo','Turismo destacado',0,361,1,NULL,NULL,NULL,1,'51941661c8437e9e1d000117',1,1,'2013-03-26 20:11:57',1,'2013-03-27 13:13:42',1,2,'2013-05-15 18:12:33','2013-05-15 20:23:55',NULL);
insert  into `default_cms_secciones`(`id`,`nombre`,`descripcion`,`tipo`,`portadas_id`,`tipo_secciones_id`,`reglas_id`,`categorias_id`,`tags_id`,`peso`,`id_mongo`,`estado`,`templates_id`,`fecha_registro`,`usuario_registro`,`fecha_actualizacion`,`usuario_actualizacion`,`estado_migracion`,`fecha_migracion`,`fecha_migracion_actualizacion`,`grupo_maestros_id`) values (2843,'los mas vistos','los mas vistos',0,354,6,NULL,NULL,NULL,5,'51941660c8437e9e1d0000fc',1,4,NULL,NULL,NULL,NULL,2,'2013-05-15 18:12:32','2013-05-15 20:23:55',NULL);
insert  into `default_cms_secciones`(`id`,`nombre`,`descripcion`,`tipo`,`portadas_id`,`tipo_secciones_id`,`reglas_id`,`categorias_id`,`tags_id`,`peso`,`id_mongo`,`estado`,`templates_id`,`fecha_registro`,`usuario_registro`,`fecha_actualizacion`,`usuario_actualizacion`,`estado_migracion`,`fecha_migracion`,`fecha_migracion_actualizacion`,`grupo_maestros_id`) values (2842,'los mas recientes','los mas recientes',0,353,9,NULL,NULL,NULL,7,'51941660c8437e9e1d0000f8',1,3,NULL,NULL,NULL,NULL,2,'2013-05-15 18:12:32','2013-05-15 20:23:55',NULL);
insert  into `default_cms_secciones`(`id`,`nombre`,`descripcion`,`tipo`,`portadas_id`,`tipo_secciones_id`,`reglas_id`,`categorias_id`,`tags_id`,`peso`,`id_mongo`,`estado`,`templates_id`,`fecha_registro`,`usuario_registro`,`fecha_actualizacion`,`usuario_actualizacion`,`estado_migracion`,`fecha_migracion`,`fecha_migracion_actualizacion`,`grupo_maestros_id`) values (2839,'los mas vistos','los mas vistos',0,353,6,NULL,NULL,NULL,5,'51941660c8437e9e1d0000f9',1,3,NULL,NULL,NULL,NULL,2,'2013-05-15 18:12:32','2013-05-15 20:23:55',NULL);
insert  into `default_cms_secciones`(`id`,`nombre`,`descripcion`,`tipo`,`portadas_id`,`tipo_secciones_id`,`reglas_id`,`categorias_id`,`tags_id`,`peso`,`id_mongo`,`estado`,`templates_id`,`fecha_registro`,`usuario_registro`,`fecha_actualizacion`,`usuario_actualizacion`,`estado_migracion`,`fecha_migracion`,`fecha_migracion_actualizacion`,`grupo_maestros_id`) values (2838,'los mas recientes','los mas recientes',0,352,9,NULL,NULL,NULL,7,'51941660c8437e9e1d0000f4',1,3,NULL,NULL,NULL,NULL,2,'2013-05-15 18:12:32','2013-05-15 20:23:54',NULL);
insert  into `default_cms_secciones`(`id`,`nombre`,`descripcion`,`tipo`,`portadas_id`,`tipo_secciones_id`,`reglas_id`,`categorias_id`,`tags_id`,`peso`,`id_mongo`,`estado`,`templates_id`,`fecha_registro`,`usuario_registro`,`fecha_actualizacion`,`usuario_actualizacion`,`estado_migracion`,`fecha_migracion`,`fecha_migracion_actualizacion`,`grupo_maestros_id`) values (2835,'los mas vistos','los mas vistos',0,352,6,NULL,NULL,NULL,5,'51941660c8437e9e1d0000f5',1,3,NULL,NULL,NULL,NULL,2,'2013-05-15 18:12:32','2013-05-15 20:23:55',NULL);
insert  into `default_cms_secciones`(`id`,`nombre`,`descripcion`,`tipo`,`portadas_id`,`tipo_secciones_id`,`reglas_id`,`categorias_id`,`tags_id`,`peso`,`id_mongo`,`estado`,`templates_id`,`fecha_registro`,`usuario_registro`,`fecha_actualizacion`,`usuario_actualizacion`,`estado_migracion`,`fecha_migracion`,`fecha_migracion_actualizacion`,`grupo_maestros_id`) values (2846,'los mas recientes','los mas recientes',0,354,9,NULL,NULL,NULL,7,'51941660c8437e9e1d0000fd',1,2,NULL,NULL,NULL,NULL,2,'2013-05-15 18:12:32','2013-05-15 20:23:55',NULL);
insert  into `default_cms_secciones`(`id`,`nombre`,`descripcion`,`tipo`,`portadas_id`,`tipo_secciones_id`,`reglas_id`,`categorias_id`,`tags_id`,`peso`,`id_mongo`,`estado`,`templates_id`,`fecha_registro`,`usuario_registro`,`fecha_actualizacion`,`usuario_actualizacion`,`estado_migracion`,`fecha_migracion`,`fecha_migracion_actualizacion`,`grupo_maestros_id`) values (2847,'los mas vistos','los mas vistos',0,355,6,NULL,NULL,NULL,5,'51941660c8437e9e1d000100',1,4,NULL,NULL,NULL,NULL,2,'2013-05-15 18:12:32','2013-05-15 20:23:55',NULL);
insert  into `default_cms_secciones`(`id`,`nombre`,`descripcion`,`tipo`,`portadas_id`,`tipo_secciones_id`,`reglas_id`,`categorias_id`,`tags_id`,`peso`,`id_mongo`,`estado`,`templates_id`,`fecha_registro`,`usuario_registro`,`fecha_actualizacion`,`usuario_actualizacion`,`estado_migracion`,`fecha_migracion`,`fecha_migracion_actualizacion`,`grupo_maestros_id`) values (2850,'los mas recientes','los mas recientes',0,355,9,NULL,NULL,NULL,7,'51941660c8437e9e1d000101',1,2,NULL,NULL,NULL,NULL,2,'2013-05-15 18:12:32','2013-05-15 20:23:55',NULL);
insert  into `default_cms_secciones`(`id`,`nombre`,`descripcion`,`tipo`,`portadas_id`,`tipo_secciones_id`,`reglas_id`,`categorias_id`,`tags_id`,`peso`,`id_mongo`,`estado`,`templates_id`,`fecha_registro`,`usuario_registro`,`fecha_actualizacion`,`usuario_actualizacion`,`estado_migracion`,`fecha_migracion`,`fecha_migracion_actualizacion`,`grupo_maestros_id`) values (2851,'los mas vistos','los mas vistos',0,356,6,NULL,NULL,NULL,5,'51941660c8437e9e1d000104',1,4,NULL,NULL,NULL,NULL,2,'2013-05-15 18:12:32','2013-05-15 20:23:55',NULL);
insert  into `default_cms_secciones`(`id`,`nombre`,`descripcion`,`tipo`,`portadas_id`,`tipo_secciones_id`,`reglas_id`,`categorias_id`,`tags_id`,`peso`,`id_mongo`,`estado`,`templates_id`,`fecha_registro`,`usuario_registro`,`fecha_actualizacion`,`usuario_actualizacion`,`estado_migracion`,`fecha_migracion`,`fecha_migracion_actualizacion`,`grupo_maestros_id`) values (2854,'los mas recientes','los mas recientes',0,356,9,NULL,NULL,NULL,7,'51941660c8437e9e1d000105',1,2,NULL,NULL,NULL,NULL,2,'2013-05-15 18:12:32','2013-05-15 20:23:55',NULL);
insert  into `default_cms_secciones`(`id`,`nombre`,`descripcion`,`tipo`,`portadas_id`,`tipo_secciones_id`,`reglas_id`,`categorias_id`,`tags_id`,`peso`,`id_mongo`,`estado`,`templates_id`,`fecha_registro`,`usuario_registro`,`fecha_actualizacion`,`usuario_actualizacion`,`estado_migracion`,`fecha_migracion`,`fecha_migracion_actualizacion`,`grupo_maestros_id`) values (2855,'los mas vistos','los mas vistos',0,357,6,NULL,NULL,NULL,5,'51941660c8437e9e1d000108',1,4,NULL,NULL,NULL,NULL,2,'2013-05-15 18:12:32','2013-05-15 20:23:55',NULL);
insert  into `default_cms_secciones`(`id`,`nombre`,`descripcion`,`tipo`,`portadas_id`,`tipo_secciones_id`,`reglas_id`,`categorias_id`,`tags_id`,`peso`,`id_mongo`,`estado`,`templates_id`,`fecha_registro`,`usuario_registro`,`fecha_actualizacion`,`usuario_actualizacion`,`estado_migracion`,`fecha_migracion`,`fecha_migracion_actualizacion`,`grupo_maestros_id`) values (2858,'los mas recientes','los mas recientes',0,357,9,NULL,NULL,NULL,7,'51941660c8437e9e1d000109',1,2,NULL,NULL,NULL,NULL,2,'2013-05-15 18:12:32','2013-05-15 20:23:55',NULL);
insert  into `default_cms_secciones`(`id`,`nombre`,`descripcion`,`tipo`,`portadas_id`,`tipo_secciones_id`,`reglas_id`,`categorias_id`,`tags_id`,`peso`,`id_mongo`,`estado`,`templates_id`,`fecha_registro`,`usuario_registro`,`fecha_actualizacion`,`usuario_actualizacion`,`estado_migracion`,`fecha_migracion`,`fecha_migracion_actualizacion`,`grupo_maestros_id`) values (2863,'los mas vistos','los mas vistos',0,358,6,NULL,NULL,NULL,5,'51941660c8437e9e1d00010c',1,3,NULL,NULL,NULL,NULL,2,'2013-05-15 18:12:32','2013-05-15 20:23:55',NULL);
insert  into `default_cms_secciones`(`id`,`nombre`,`descripcion`,`tipo`,`portadas_id`,`tipo_secciones_id`,`reglas_id`,`categorias_id`,`tags_id`,`peso`,`id_mongo`,`estado`,`templates_id`,`fecha_registro`,`usuario_registro`,`fecha_actualizacion`,`usuario_actualizacion`,`estado_migracion`,`fecha_migracion`,`fecha_migracion_actualizacion`,`grupo_maestros_id`) values (2866,'los mas recientes','los mas recientes',0,358,9,NULL,NULL,NULL,7,'51941660c8437e9e1d00010d',1,2,NULL,NULL,NULL,NULL,2,'2013-05-15 18:12:32','2013-05-15 20:23:55',NULL);
insert  into `default_cms_secciones`(`id`,`nombre`,`descripcion`,`tipo`,`portadas_id`,`tipo_secciones_id`,`reglas_id`,`categorias_id`,`tags_id`,`peso`,`id_mongo`,`estado`,`templates_id`,`fecha_registro`,`usuario_registro`,`fecha_actualizacion`,`usuario_actualizacion`,`estado_migracion`,`fecha_migracion`,`fecha_migracion_actualizacion`,`grupo_maestros_id`) values (2867,'los mas vistos','los mas vistos',0,359,6,NULL,NULL,NULL,5,'51941660c8437e9e1d000110',1,4,NULL,NULL,NULL,NULL,2,'2013-05-15 18:12:32','2013-05-15 20:23:55',NULL);
insert  into `default_cms_secciones`(`id`,`nombre`,`descripcion`,`tipo`,`portadas_id`,`tipo_secciones_id`,`reglas_id`,`categorias_id`,`tags_id`,`peso`,`id_mongo`,`estado`,`templates_id`,`fecha_registro`,`usuario_registro`,`fecha_actualizacion`,`usuario_actualizacion`,`estado_migracion`,`fecha_migracion`,`fecha_migracion_actualizacion`,`grupo_maestros_id`) values (2870,'los mas recientes','los mas recientes',0,359,9,NULL,NULL,NULL,7,'51941661c8437e9e1d000111',1,2,NULL,NULL,NULL,NULL,2,'2013-05-15 18:12:33','2013-05-15 20:23:55',NULL);
insert  into `default_cms_secciones`(`id`,`nombre`,`descripcion`,`tipo`,`portadas_id`,`tipo_secciones_id`,`reglas_id`,`categorias_id`,`tags_id`,`peso`,`id_mongo`,`estado`,`templates_id`,`fecha_registro`,`usuario_registro`,`fecha_actualizacion`,`usuario_actualizacion`,`estado_migracion`,`fecha_migracion`,`fecha_migracion_actualizacion`,`grupo_maestros_id`) values (2871,'los mas vistos','los mas vistos',0,360,6,NULL,NULL,NULL,5,'51941661c8437e9e1d000114',1,4,NULL,NULL,NULL,NULL,2,'2013-05-15 18:12:33','2013-05-15 20:23:55',NULL);
insert  into `default_cms_secciones`(`id`,`nombre`,`descripcion`,`tipo`,`portadas_id`,`tipo_secciones_id`,`reglas_id`,`categorias_id`,`tags_id`,`peso`,`id_mongo`,`estado`,`templates_id`,`fecha_registro`,`usuario_registro`,`fecha_actualizacion`,`usuario_actualizacion`,`estado_migracion`,`fecha_migracion`,`fecha_migracion_actualizacion`,`grupo_maestros_id`) values (2874,'los mas recientes','los mas recientes',0,360,9,NULL,NULL,NULL,7,'51941661c8437e9e1d000115',1,2,NULL,NULL,NULL,NULL,2,'2013-05-15 18:12:33','2013-05-15 20:23:55',NULL);
insert  into `default_cms_secciones`(`id`,`nombre`,`descripcion`,`tipo`,`portadas_id`,`tipo_secciones_id`,`reglas_id`,`categorias_id`,`tags_id`,`peso`,`id_mongo`,`estado`,`templates_id`,`fecha_registro`,`usuario_registro`,`fecha_actualizacion`,`usuario_actualizacion`,`estado_migracion`,`fecha_migracion`,`fecha_migracion_actualizacion`,`grupo_maestros_id`) values (2875,'los mas vistos','los mas vistos',0,361,6,NULL,NULL,NULL,5,'51941661c8437e9e1d000118',1,4,NULL,NULL,NULL,NULL,2,'2013-05-15 18:12:33','2013-05-15 20:23:55',NULL);
insert  into `default_cms_secciones`(`id`,`nombre`,`descripcion`,`tipo`,`portadas_id`,`tipo_secciones_id`,`reglas_id`,`categorias_id`,`tags_id`,`peso`,`id_mongo`,`estado`,`templates_id`,`fecha_registro`,`usuario_registro`,`fecha_actualizacion`,`usuario_actualizacion`,`estado_migracion`,`fecha_migracion`,`fecha_migracion_actualizacion`,`grupo_maestros_id`) values (2878,'los mas recientes','los mas recientes',0,361,9,NULL,NULL,NULL,7,'51941661c8437e9e1d000119',1,2,NULL,NULL,NULL,NULL,2,'2013-05-15 18:12:33','2013-05-15 20:23:55',NULL);
insert  into `default_cms_secciones`(`id`,`nombre`,`descripcion`,`tipo`,`portadas_id`,`tipo_secciones_id`,`reglas_id`,`categorias_id`,`tags_id`,`peso`,`id_mongo`,`estado`,`templates_id`,`fecha_registro`,`usuario_registro`,`fecha_actualizacion`,`usuario_actualizacion`,`estado_migracion`,`fecha_migracion`,`fecha_migracion_actualizacion`,`grupo_maestros_id`) values (2881,'los mas vistos','los mas vistos',0,18,6,NULL,NULL,NULL,9,'5194165bc8437e9e1d000027',1,3,NULL,NULL,'2013-05-15 01:14:53',1,2,'2013-05-15 18:12:27','2013-05-15 20:23:50',NULL);
insert  into `default_cms_secciones`(`id`,`nombre`,`descripcion`,`tipo`,`portadas_id`,`tipo_secciones_id`,`reglas_id`,`categorias_id`,`tags_id`,`peso`,`id_mongo`,`estado`,`templates_id`,`fecha_registro`,`usuario_registro`,`fecha_actualizacion`,`usuario_actualizacion`,`estado_migracion`,`fecha_migracion`,`fecha_migracion_actualizacion`,`grupo_maestros_id`) values (2884,'los mas recientes','los mas recientes',0,18,9,NULL,NULL,NULL,4,'5194165bc8437e9e1d000028',1,3,NULL,NULL,NULL,NULL,2,'2013-05-15 18:12:27','2013-05-15 20:23:50',NULL);

/*Data for the table `default_cms_tags` */

/*Data for the table `default_cms_templates` */

/*Data for the table `default_cms_tipo_canales` */

insert  into `default_cms_tipo_canales`(`id`,`nombre`,`descripcion`,`estado`,`fecha_registro`,`usuario_registro`,`fecha_actualizacion`,`usuario_actualizacion`) values (1,'Canal de TV','Canal de television',1,'0000-00-00 00:00:00',NULL,NULL,NULL);
insert  into `default_cms_tipo_canales`(`id`,`nombre`,`descripcion`,`estado`,`fecha_registro`,`usuario_registro`,`fecha_actualizacion`,`usuario_actualizacion`) values (2,'Editorial','Editorial',1,'0000-00-00 00:00:00',NULL,NULL,NULL);
insert  into `default_cms_tipo_canales`(`id`,`nombre`,`descripcion`,`estado`,`fecha_registro`,`usuario_registro`,`fecha_actualizacion`,`usuario_actualizacion`) values (3,'Emisora Radial','Emisora',1,'0000-00-00 00:00:00',NULL,NULL,NULL);
insert  into `default_cms_tipo_canales`(`id`,`nombre`,`descripcion`,`estado`,`fecha_registro`,`usuario_registro`,`fecha_actualizacion`,`usuario_actualizacion`) values (5,'Mi Canal','Mi Canal',1,NULL,NULL,NULL,NULL);

/*Data for the table `default_cms_tipo_grupo_maestros` */

insert  into `default_cms_tipo_grupo_maestros`(`id`,`nombre`,`descripcion`,`estado`,`fecha_registro`,`usuario_registro`,`fecha_actualizacion`,`usuario_actualizacion`) values (1,'Lista de Reproduccion','Lista de reproduccion',1,'2012-01-01 00:00:00',1,NULL,NULL);
insert  into `default_cms_tipo_grupo_maestros`(`id`,`nombre`,`descripcion`,`estado`,`fecha_registro`,`usuario_registro`,`fecha_actualizacion`,`usuario_actualizacion`) values (2,'Coleccion','Coleccion',1,'2012-01-01 00:00:00',1,NULL,NULL);
insert  into `default_cms_tipo_grupo_maestros`(`id`,`nombre`,`descripcion`,`estado`,`fecha_registro`,`usuario_registro`,`fecha_actualizacion`,`usuario_actualizacion`) values (3,'Programa','Programa',1,'2012-01-01 00:00:00',1,NULL,NULL);

/*Data for the table `default_cms_tipo_imagen` */

insert  into `default_cms_tipo_imagen`(`id`,`nombre`,`descripcion`,`fecha_registro`,`usuario_registro`,`fecha_actualizacion`,`usuario_actualizacion`,`alto`,`ancho`) values (1,'small','imagen pequea','2012-01-01 00:00:00',1,NULL,NULL,140,260);
insert  into `default_cms_tipo_imagen`(`id`,`nombre`,`descripcion`,`fecha_registro`,`usuario_registro`,`fecha_actualizacion`,`usuario_actualizacion`,`alto`,`ancho`) values (2,'medium',NULL,NULL,1,NULL,NULL,200,350);
insert  into `default_cms_tipo_imagen`(`id`,`nombre`,`descripcion`,`fecha_registro`,`usuario_registro`,`fecha_actualizacion`,`usuario_actualizacion`,`alto`,`ancho`) values (3,'large',NULL,NULL,1,NULL,NULL,300,540);
insert  into `default_cms_tipo_imagen`(`id`,`nombre`,`descripcion`,`fecha_registro`,`usuario_registro`,`fecha_actualizacion`,`usuario_actualizacion`,`alto`,`ancho`) values (4,'extra large',NULL,NULL,1,NULL,NULL,520,1100);
insert  into `default_cms_tipo_imagen`(`id`,`nombre`,`descripcion`,`fecha_registro`,`usuario_registro`,`fecha_actualizacion`,`usuario_actualizacion`,`alto`,`ancho`) values (5,'iso','logo  ficha',NULL,1,NULL,NULL,70,70);
insert  into `default_cms_tipo_imagen`(`id`,`nombre`,`descripcion`,`fecha_registro`,`usuario_registro`,`fecha_actualizacion`,`usuario_actualizacion`,`alto`,`ancho`) values (6,'logo','Logotipo',NULL,1,NULL,NULL,140,260);

/*Data for the table `default_cms_tipo_portadas` */

insert  into `default_cms_tipo_portadas`(`id`,`nombre`,`descripcion`,`estado`,`fecha_registro`,`usuario_registro`,`fecha_actualizacion`,`usuario_actualizacion`,`id_mongo`) values (1,'Principal',NULL,1,NULL,3,NULL,3,'0');
insert  into `default_cms_tipo_portadas`(`id`,`nombre`,`descripcion`,`estado`,`fecha_registro`,`usuario_registro`,`fecha_actualizacion`,`usuario_actualizacion`,`id_mongo`) values (2,'Categoria',NULL,1,NULL,3,NULL,3,'0');
insert  into `default_cms_tipo_portadas`(`id`,`nombre`,`descripcion`,`estado`,`fecha_registro`,`usuario_registro`,`fecha_actualizacion`,`usuario_actualizacion`,`id_mongo`) values (3,'Tag',NULL,1,NULL,3,NULL,3,'0');
insert  into `default_cms_tipo_portadas`(`id`,`nombre`,`descripcion`,`estado`,`fecha_registro`,`usuario_registro`,`fecha_actualizacion`,`usuario_actualizacion`,`id_mongo`) values (4,'Programa',NULL,1,NULL,3,NULL,3,'0');
insert  into `default_cms_tipo_portadas`(`id`,`nombre`,`descripcion`,`estado`,`fecha_registro`,`usuario_registro`,`fecha_actualizacion`,`usuario_actualizacion`,`id_mongo`) values (5,'Canal',NULL,1,NULL,3,NULL,3,'0');

/*Data for the table `default_cms_tipo_secciones` */

insert  into `default_cms_tipo_secciones`(`id`,`nombre`,`estado`,`fecha_registro`,`usuario_registro`,`fecha_actualizacion`,`usuario_actualizacion`) values (1,'destacado',1,NULL,NULL,NULL,NULL);
insert  into `default_cms_tipo_secciones`(`id`,`nombre`,`estado`,`fecha_registro`,`usuario_registro`,`fecha_actualizacion`,`usuario_actualizacion`) values (2,'programa',1,NULL,NULL,NULL,NULL);
insert  into `default_cms_tipo_secciones`(`id`,`nombre`,`estado`,`fecha_registro`,`usuario_registro`,`fecha_actualizacion`,`usuario_actualizacion`) values (3,'coleccion',1,NULL,NULL,NULL,NULL);
insert  into `default_cms_tipo_secciones`(`id`,`nombre`,`estado`,`fecha_registro`,`usuario_registro`,`fecha_actualizacion`,`usuario_actualizacion`) values (4,'lista',1,NULL,NULL,NULL,NULL);
insert  into `default_cms_tipo_secciones`(`id`,`nombre`,`estado`,`fecha_registro`,`usuario_registro`,`fecha_actualizacion`,`usuario_actualizacion`) values (5,'video',1,NULL,NULL,NULL,NULL);
insert  into `default_cms_tipo_secciones`(`id`,`nombre`,`estado`,`fecha_registro`,`usuario_registro`,`fecha_actualizacion`,`usuario_actualizacion`) values (6,'los mas vistos',1,NULL,NULL,NULL,NULL);
insert  into `default_cms_tipo_secciones`(`id`,`nombre`,`estado`,`fecha_registro`,`usuario_registro`,`fecha_actualizacion`,`usuario_actualizacion`) values (7,'los mas comentados',1,NULL,NULL,NULL,NULL);
insert  into `default_cms_tipo_secciones`(`id`,`nombre`,`estado`,`fecha_registro`,`usuario_registro`,`fecha_actualizacion`,`usuario_actualizacion`) values (8,'los mas valorados',1,NULL,NULL,NULL,NULL);
insert  into `default_cms_tipo_secciones`(`id`,`nombre`,`estado`,`fecha_registro`,`usuario_registro`,`fecha_actualizacion`,`usuario_actualizacion`) values (9,'los mas recientes',1,NULL,NULL,NULL,NULL);
insert  into `default_cms_tipo_secciones`(`id`,`nombre`,`estado`,`fecha_registro`,`usuario_registro`,`fecha_actualizacion`,`usuario_actualizacion`) values (10,'personalizado',1,NULL,NULL,NULL,NULL);

/*Data for the table `default_cms_tipo_tags` */

insert  into `default_cms_tipo_tags`(`id`,`nombre`,`descripcion`,`estado`,`fecha_registro`,`usuario_registro`,`fecha_actualizacion`,`usuario_actualizacion`) values (1,'Tematicos','Tags tematicos',1,'2012-12-01 00:00:00',1,NULL,NULL);
insert  into `default_cms_tipo_tags`(`id`,`nombre`,`descripcion`,`estado`,`fecha_registro`,`usuario_registro`,`fecha_actualizacion`,`usuario_actualizacion`) values (2,'Personajes','Tags personajes',1,'2012-12-01 00:00:00',1,NULL,NULL);

/*Data for the table `default_cms_tipo_videos` */

insert  into `default_cms_tipo_videos`(`id`,`nombre`,`descripcion`,`estado`,`fecha_registro`,`usuario_registro`,`fecha_actualizacion`,`usuario_actualizacion`) values (1,'Normal','Normal',1,'2013-02-01 00:00:00',1,'2013-02-01 00:00:00',NULL);
insert  into `default_cms_tipo_videos`(`id`,`nombre`,`descripcion`,`estado`,`fecha_registro`,`usuario_registro`,`fecha_actualizacion`,`usuario_actualizacion`) values (2,'Premium','Premium',1,'2013-02-01 00:00:00',1,'2013-02-01 00:00:00',NULL);

/*Data for the table `default_cms_usuario_group_canales` */

insert  into `default_cms_usuario_group_canales`(`canal_id`,`user_id`,`group_id`,`estado`,`fecha_registro`,`usuario_registro`,`fecha_actualizacion`,`usuario_actualizacion`,`predeterminado`) values (1,1,1,0,'2013-04-19 00:29:00',1,'2013-04-19 16:58:13',1,0);
insert  into `default_cms_usuario_group_canales`(`canal_id`,`user_id`,`group_id`,`estado`,`fecha_registro`,`usuario_registro`,`fecha_actualizacion`,`usuario_actualizacion`,`predeterminado`) values (1,3,4,0,'2013-05-07 20:49:30',1,'2013-05-09 20:24:44',1,0);

/*Data for the table `default_cms_usuarios` */

/*Data for the table `default_cms_valorizaciones` */

/*Data for the table `default_cms_video_tags` */

/*Data for the table `default_cms_videos` */

/*Data for the table `default_cms_visitas` */

/*Data for the table `default_comments` */

/*Data for the table `default_contact_log` */

/*Data for the table `default_data_field_assignments` */

insert  into `default_data_field_assignments`(`id`,`sort_order`,`stream_id`,`field_id`,`is_required`,`is_unique`,`instructions`,`field_name`) values (1,1,1,1,'yes','no',NULL,NULL);
insert  into `default_data_field_assignments`(`id`,`sort_order`,`stream_id`,`field_id`,`is_required`,`is_unique`,`instructions`,`field_name`) values (2,2,1,2,'yes','no',NULL,NULL);
insert  into `default_data_field_assignments`(`id`,`sort_order`,`stream_id`,`field_id`,`is_required`,`is_unique`,`instructions`,`field_name`) values (3,3,1,3,'no','no',NULL,NULL);
insert  into `default_data_field_assignments`(`id`,`sort_order`,`stream_id`,`field_id`,`is_required`,`is_unique`,`instructions`,`field_name`) values (4,4,1,4,'no','no',NULL,NULL);
insert  into `default_data_field_assignments`(`id`,`sort_order`,`stream_id`,`field_id`,`is_required`,`is_unique`,`instructions`,`field_name`) values (5,5,1,5,'no','no',NULL,NULL);
insert  into `default_data_field_assignments`(`id`,`sort_order`,`stream_id`,`field_id`,`is_required`,`is_unique`,`instructions`,`field_name`) values (6,6,1,6,'no','no',NULL,NULL);
insert  into `default_data_field_assignments`(`id`,`sort_order`,`stream_id`,`field_id`,`is_required`,`is_unique`,`instructions`,`field_name`) values (7,7,1,7,'no','no',NULL,NULL);
insert  into `default_data_field_assignments`(`id`,`sort_order`,`stream_id`,`field_id`,`is_required`,`is_unique`,`instructions`,`field_name`) values (8,8,1,8,'no','no',NULL,NULL);
insert  into `default_data_field_assignments`(`id`,`sort_order`,`stream_id`,`field_id`,`is_required`,`is_unique`,`instructions`,`field_name`) values (9,9,1,9,'no','no',NULL,NULL);
insert  into `default_data_field_assignments`(`id`,`sort_order`,`stream_id`,`field_id`,`is_required`,`is_unique`,`instructions`,`field_name`) values (10,10,1,10,'no','no',NULL,NULL);
insert  into `default_data_field_assignments`(`id`,`sort_order`,`stream_id`,`field_id`,`is_required`,`is_unique`,`instructions`,`field_name`) values (11,11,1,11,'no','no',NULL,NULL);
insert  into `default_data_field_assignments`(`id`,`sort_order`,`stream_id`,`field_id`,`is_required`,`is_unique`,`instructions`,`field_name`) values (12,12,1,12,'no','no',NULL,NULL);
insert  into `default_data_field_assignments`(`id`,`sort_order`,`stream_id`,`field_id`,`is_required`,`is_unique`,`instructions`,`field_name`) values (13,13,1,13,'no','no',NULL,NULL);
insert  into `default_data_field_assignments`(`id`,`sort_order`,`stream_id`,`field_id`,`is_required`,`is_unique`,`instructions`,`field_name`) values (14,14,1,14,'no','no',NULL,NULL);

/*Data for the table `default_data_fields` */

insert  into `default_data_fields`(`id`,`field_name`,`field_slug`,`field_namespace`,`field_type`,`field_data`,`view_options`,`is_locked`) values (1,'lang:user_first_name','first_name','users','text','a:1:{s:10:\"max_length\";i:50;}',NULL,'no');
insert  into `default_data_fields`(`id`,`field_name`,`field_slug`,`field_namespace`,`field_type`,`field_data`,`view_options`,`is_locked`) values (2,'lang:user_last_name','last_name','users','text','a:1:{s:10:\"max_length\";i:50;}',NULL,'no');
insert  into `default_data_fields`(`id`,`field_name`,`field_slug`,`field_namespace`,`field_type`,`field_data`,`view_options`,`is_locked`) values (3,'lang:profile_company','company','users','text','a:1:{s:10:\"max_length\";i:100;}',NULL,'no');
insert  into `default_data_fields`(`id`,`field_name`,`field_slug`,`field_namespace`,`field_type`,`field_data`,`view_options`,`is_locked`) values (4,'lang:profile_bio','bio','users','textarea','a:0:{}',NULL,'no');
insert  into `default_data_fields`(`id`,`field_name`,`field_slug`,`field_namespace`,`field_type`,`field_data`,`view_options`,`is_locked`) values (5,'lang:user_lang','lang','users','pyro_lang','a:1:{s:12:\"filter_theme\";s:3:\"yes\";}',NULL,'no');
insert  into `default_data_fields`(`id`,`field_name`,`field_slug`,`field_namespace`,`field_type`,`field_data`,`view_options`,`is_locked`) values (6,'lang:profile_dob','dob','users','datetime','a:4:{s:8:\"use_time\";s:2:\"no\";s:10:\"start_date\";s:5:\"-100Y\";s:7:\"storage\";s:4:\"unix\";s:10:\"input_type\";s:8:\"dropdown\";}',NULL,'no');
insert  into `default_data_fields`(`id`,`field_name`,`field_slug`,`field_namespace`,`field_type`,`field_data`,`view_options`,`is_locked`) values (7,'lang:profile_gender','gender','users','choice','a:2:{s:11:\"choice_data\";s:34:\" : Not Telling\nm : Male\nf : Female\";s:11:\"choice_type\";s:8:\"dropdown\";}',NULL,'no');
insert  into `default_data_fields`(`id`,`field_name`,`field_slug`,`field_namespace`,`field_type`,`field_data`,`view_options`,`is_locked`) values (8,'lang:profile_phone','phone','users','text','a:1:{s:10:\"max_length\";i:20;}',NULL,'no');
insert  into `default_data_fields`(`id`,`field_name`,`field_slug`,`field_namespace`,`field_type`,`field_data`,`view_options`,`is_locked`) values (9,'lang:profile_mobile','mobile','users','text','a:1:{s:10:\"max_length\";i:20;}',NULL,'no');
insert  into `default_data_fields`(`id`,`field_name`,`field_slug`,`field_namespace`,`field_type`,`field_data`,`view_options`,`is_locked`) values (10,'lang:profile_address_line1','address_line1','users','text','a:0:{}',NULL,'no');
insert  into `default_data_fields`(`id`,`field_name`,`field_slug`,`field_namespace`,`field_type`,`field_data`,`view_options`,`is_locked`) values (11,'lang:profile_address_line2','address_line2','users','text','a:0:{}',NULL,'no');
insert  into `default_data_fields`(`id`,`field_name`,`field_slug`,`field_namespace`,`field_type`,`field_data`,`view_options`,`is_locked`) values (12,'lang:profile_address_line3','address_line3','users','text','a:0:{}',NULL,'no');
insert  into `default_data_fields`(`id`,`field_name`,`field_slug`,`field_namespace`,`field_type`,`field_data`,`view_options`,`is_locked`) values (13,'lang:profile_address_postcode','postcode','users','text','a:1:{s:10:\"max_length\";i:20;}',NULL,'no');
insert  into `default_data_fields`(`id`,`field_name`,`field_slug`,`field_namespace`,`field_type`,`field_data`,`view_options`,`is_locked`) values (14,'lang:profile_website','website','users','url',NULL,NULL,'no');

/*Data for the table `default_data_streams` */

insert  into `default_data_streams`(`id`,`stream_name`,`stream_slug`,`stream_namespace`,`stream_prefix`,`about`,`view_options`,`title_column`,`sorting`) values (1,'lang:user_profile_fields_label','profiles','users',NULL,'Profiles for users module','a:1:{i:0;s:12:\"display_name\";}','display_name','title');

/*Data for the table `default_email_templates` */

insert  into `default_email_templates`(`id`,`slug`,`name`,`description`,`subject`,`body`,`lang`,`is_default`,`module`) values (1,'comments','Comment Notification','Email that is sent to admin when someone creates a comment','You have just received a comment from {{ name }}','<h3>You have received a comment from {{ name }}</h3>\n        <p>\n       <strong>IP Address: {{ sender_ip }}</strong><br/>\n       <strong>Operating System: {{ sender_os }}<br/>\n        <strong>User Agent: {{ sender_agent }}</strong>\n       </p>\n        <p>{{ comment }}</p>\n        <p>View Comment: {{ redirect_url }}</p>','en',1,'comments');
insert  into `default_email_templates`(`id`,`slug`,`name`,`description`,`subject`,`body`,`lang`,`is_default`,`module`) values (2,'contact','Contact Notification','Template for the contact form','{{ settings:site_name }} :: {{ subject }}','This message was sent via the contact form on with the following details:\n        <hr />\n        IP Address: {{ sender_ip }}\n       OS {{ sender_os }}\n        Agent {{ sender_agent }}\n        <hr />\n        {{ message }}\n\n       {{ name }},\n\n       {{ email }}','en',1,'pages');
insert  into `default_email_templates`(`id`,`slug`,`name`,`description`,`subject`,`body`,`lang`,`is_default`,`module`) values (3,'registered','New User Registered','Email sent to the site contact e-mail when a new user registers','{{ settings:site_name }} :: You have just received a registration from {{ name }}','<h3>You have received a registration from {{ name }}</h3>\n        <p><strong>IP Address: {{ sender_ip }}</strong><br/>\n        <strong>Operating System: {{ sender_os }}</strong><br/>\n       <strong>User Agent: {{ sender_agent }}</strong>\n       </p>','en',1,'users');
insert  into `default_email_templates`(`id`,`slug`,`name`,`description`,`subject`,`body`,`lang`,`is_default`,`module`) values (4,'activation','Activation Email','The email which contains the activation code that is sent to a new user','{{ settings:site_name }} - Account Activation','<p>Hello {{ user:first_name }},</p>\n       <p>Thank you for registering at {{ settings:site_name }}. Before we can activate your account, please complete the registration process by clicking on the following link:</p>\n        <p><a href=\"{{ url:site }}users/activate/{{ user:id }}/{{ activation_code }}\">{{ url:site }}users/activate/{{ user:id }}/{{ activation_code }}</a></p>\n        <p>&nbsp;</p>\n       <p>In case your email program does not recognize the above link as, please direct your browser to the following URL and enter the activation code:</p>\n        <p><a href=\"{{ url:site }}users/activate\">{{ url:site }}users/activate</a></p>\n        <p><strong>Activation Code:</strong> {{ activation_code }}</p>','en',1,'users');
insert  into `default_email_templates`(`id`,`slug`,`name`,`description`,`subject`,`body`,`lang`,`is_default`,`module`) values (5,'forgotten_password','Forgotten Password Email','The email that is sent containing a password reset code','{{ settings:site_name }} - Forgotten Password','<p>Hello {{ user:first_name }},</p>\n       <p>It seems you have requested a password reset. Please click this link to complete the reset: <a href=\"{{ url:site }}users/reset_pass/{{ user:forgotten_password_code }}\">{{ url:site }}users/reset_pass/{{ user:forgotten_password_code }}</a></p>\n        <p>If you did not request a password reset please disregard this message. No further action is necessary.</p>','en',1,'users');
insert  into `default_email_templates`(`id`,`slug`,`name`,`description`,`subject`,`body`,`lang`,`is_default`,`module`) values (6,'new_password','New Password Email','After a password is reset this email is sent containing the new password','{{ settings:site_name }} - New Password','<p>Hello {{ user:first_name }},</p>\n        <p>Your new password is: {{ new_password }}</p>\n       <p>After logging in you may change your password by visiting <a href=\"{{ url:site }}edit-profile\">{{ url:site }}edit-profile</a></p>','en',1,'users');

/*Data for the table `default_file_folders` */

/*Data for the table `default_files` */

/*Data for the table `default_groups` */

insert  into `default_groups`(`id`,`name`,`description`,`estado`,`fecha_registro`,`usuario_registro`,`fecha_actualizacion`,`usuario_actualizacion`) values (1,'admin','Administrator',0,NULL,NULL,NULL,NULL);
insert  into `default_groups`(`id`,`name`,`description`,`estado`,`fecha_registro`,`usuario_registro`,`fecha_actualizacion`,`usuario_actualizacion`) values (2,'user','User',0,NULL,NULL,NULL,NULL);
insert  into `default_groups`(`id`,`name`,`description`,`estado`,`fecha_registro`,`usuario_registro`,`fecha_actualizacion`,`usuario_actualizacion`) values (3,'administrador-mi-canal','Administrador Mi Canal',0,NULL,NULL,NULL,NULL);
insert  into `default_groups`(`id`,`name`,`description`,`estado`,`fecha_registro`,`usuario_registro`,`fecha_actualizacion`,`usuario_actualizacion`) values (4,'administrador-canales','Administrador Canales',0,NULL,NULL,NULL,NULL);
insert  into `default_groups`(`id`,`name`,`description`,`estado`,`fecha_registro`,`usuario_registro`,`fecha_actualizacion`,`usuario_actualizacion`) values (5,'gestor','Gestor',0,NULL,NULL,NULL,NULL);

/*Data for the table `default_keywords` */

/*Data for the table `default_keywords_applied` */

/*Data for the table `default_migrations` */

/*Data for the table `default_modules` */

insert  into `default_modules`(`id`,`name`,`slug`,`version`,`type`,`description`,`skip_xss`,`is_frontend`,`is_backend`,`menu`,`enabled`,`installed`,`is_core`,`updated_on`) values (1,'a:15:{s:2:\"en\";s:4:\"Blog\";s:2:\"ar\";s:16:\"\";s:2:\"br\";s:4:\"Blog\";s:2:\"pt\";s:4:\"Blog\";s:2:\"el\";s:18:\"\";s:2:\"he\";s:8:\"\";s:2:\"id\";s:4:\"Blog\";s:2:\"lt\";s:6:\"Blogas\";s:2:\"pl\";s:4:\"Blog\";s:2:\"ru\";s:8:\"\";s:2:\"zh\";s:6:\"\";s:2:\"hu\";s:4:\"Blog\";s:2:\"fi\";s:5:\"Blogi\";s:2:\"th\";s:15:\"\";s:2:\"se\";s:5:\"Blogg\";}','blog','2.0',NULL,'a:23:{s:2:\"en\";s:18:\"Post blog entries.\";s:2:\"ar\";s:48:\"   .\";s:2:\"br\";s:30:\"Escrever publicaes de blog\";s:2:\"pt\";s:39:\"Escrever e editar publicaes no blog\";s:2:\"cs\";s:49:\"Publikujte nov lnky a pspvky na blog.\";s:2:\"da\";s:17:\"Skriv blogindlg\";s:2:\"de\";s:47:\"Verffentliche neue Artikel und Blog-Eintrge\";s:2:\"sl\";s:23:\"Objavite blog prispevke\";s:2:\"fi\";s:28:\"Kirjoita blogi artikkeleita.\";s:2:\"el\";s:93:\"      .\";s:2:\"es\";s:54:\"Escribe entradas para los artculos y blog (web log).\";s:2:\"fr\";s:46:\"Envoyez de nouveaux posts et messages de blog.\";s:2:\"he\";s:19:\" \";s:2:\"id\";s:15:\"Post entri blog\";s:2:\"it\";s:36:\"Pubblica notizie e post per il blog.\";s:2:\"lt\";s:40:\"Raykite naujienas bei blog\'o raus.\";s:2:\"nl\";s:41:\"Post nieuwsartikelen en blogs op uw site.\";s:2:\"pl\";s:27:\"Dodawaj nowe wpisy na blogu\";s:2:\"ru\";s:49:\"  .\";s:2:\"zh\";s:42:\"\";s:2:\"th\";s:48:\"\";s:2:\"hu\";s:32:\"Blog bejegyzsek ltrehozsa.\";s:2:\"se\";s:18:\"Inlgg i bloggen.\";}',1,1,0,'content',1,1,1,1366062657);
insert  into `default_modules`(`id`,`name`,`slug`,`version`,`type`,`description`,`skip_xss`,`is_frontend`,`is_backend`,`menu`,`enabled`,`installed`,`is_core`,`updated_on`) values (2,'a:23:{s:2:\"en\";s:8:\"Comments\";s:2:\"ar\";s:18:\"\";s:2:\"br\";s:12:\"Comentrios\";s:2:\"pt\";s:12:\"Comentrios\";s:2:\"cs\";s:11:\"Komente\";s:2:\"da\";s:11:\"Kommentarer\";s:2:\"de\";s:10:\"Kommentare\";s:2:\"el\";s:12:\"\";s:2:\"es\";s:11:\"Comentarios\";s:2:\"fi\";s:9:\"Kommentit\";s:2:\"fr\";s:12:\"Commentaires\";s:2:\"he\";s:12:\"\";s:2:\"id\";s:8:\"Komentar\";s:2:\"it\";s:8:\"Commenti\";s:2:\"lt\";s:10:\"Komentarai\";s:2:\"nl\";s:8:\"Reacties\";s:2:\"pl\";s:10:\"Komentarze\";s:2:\"ru\";s:22:\"\";s:2:\"sl\";s:10:\"Komentarji\";s:2:\"zh\";s:6:\"\";s:2:\"hu\";s:16:\"Hozzszlsok\";s:2:\"th\";s:33:\"\";s:2:\"se\";s:11:\"Kommentarer\";}','comments','1.0',NULL,'a:23:{s:2:\"en\";s:76:\"Users and guests can write comments for content like blog, pages and photos.\";s:2:\"ar\";s:152:\"         .\";s:2:\"br\";s:97:\"Usurios e convidados podem escrever comentrios para quase tudo com suporte nativo ao captcha.\";s:2:\"pt\";s:100:\"Utilizadores e convidados podem escrever comentrios para quase tudo com suporte nativo ao captcha.\";s:2:\"cs\";s:100:\"Uivatel a host mohou pst komente k obsahu, nap. neovinkm, strnkm a fotografim.\";s:2:\"da\";s:83:\"Brugere og besgende kan skrive kommentarer til indhold som blog, sider og fotoer.\";s:2:\"de\";s:65:\"Benutzer und Gste knnen fr fast alles Kommentare schreiben.\";s:2:\"el\";s:224:\"             ,     .\";s:2:\"es\";s:130:\"Los usuarios y visitantes pueden escribir comentarios en casi todo el contenido con el soporte de un sistema de captcha includo.\";s:2:\"fi\";s:107:\"Kyttjt ja vieraat voivat kirjoittaa kommentteja eri sisltihin kuten uutisiin, sivuihin ja kuviin.\";s:2:\"fr\";s:130:\"Les utilisateurs et les invits peuvent crire des commentaires pour quasiment tout grce au gnrateur de captcha intgr.\";s:2:\"he\";s:94:\"     ,  \";s:2:\"id\";s:100:\"Pengguna dan pengunjung dapat menuliskan komentaruntuk setiap konten seperti blog, halaman dan foto.\";s:2:\"it\";s:85:\"Utenti e visitatori possono scrivere commenti ai contenuti quali blog, pagine e foto.\";s:2:\"lt\";s:75:\"Vartotojai ir sveiai gali komentuoti js naujienas, puslapius ar foto.\";s:2:\"nl\";s:52:\"Gebruikers en gasten kunnen reageren op bijna alles.\";s:2:\"pl\";s:93:\"Uytkownicy i gocie mog dodawa komentarze z wbudowanym systemem zabezpiecze captcha.\";s:2:\"ru\";s:187:\"       ,    .\";s:2:\"sl\";s:89:\"Uporabniki in obiskovalci lahko vnesejo komentarje na vsebino kot je blok, stra ali slike\";s:2:\"zh\";s:75:\"\";s:2:\"hu\";s:117:\"A felhasznlk s a vendgek hozzszlsokat rhatnak a tartalomhoz (bejegyzsekhez, oldalakhoz, fotkhoz).\";s:2:\"th\";s:240:\"\";s:2:\"se\";s:98:\"Anvndare och beskare kan skriva kommentarer till innehll som blogginlgg, sidor och bilder.\";}',0,0,0,'content',1,1,1,1366062657);
insert  into `default_modules`(`id`,`name`,`slug`,`version`,`type`,`description`,`skip_xss`,`is_frontend`,`is_backend`,`menu`,`enabled`,`installed`,`is_core`,`updated_on`) values (3,'a:23:{s:2:\"en\";s:7:\"Contact\";s:2:\"ar\";s:14:\"\";s:2:\"br\";s:7:\"Contato\";s:2:\"pt\";s:8:\"Contacto\";s:2:\"cs\";s:7:\"Kontakt\";s:2:\"da\";s:7:\"Kontakt\";s:2:\"de\";s:7:\"Kontakt\";s:2:\"el\";s:22:\"\";s:2:\"es\";s:8:\"Contacto\";s:2:\"fi\";s:13:\"Ota yhteytt\";s:2:\"fr\";s:7:\"Contact\";s:2:\"he\";s:17:\" \";s:2:\"id\";s:6:\"Kontak\";s:2:\"it\";s:10:\"Contattaci\";s:2:\"lt\";s:18:\"Kontaktin form\";s:2:\"nl\";s:7:\"Contact\";s:2:\"pl\";s:7:\"Kontakt\";s:2:\"ru\";s:27:\" \";s:2:\"sl\";s:7:\"Kontakt\";s:2:\"zh\";s:12:\"\";s:2:\"hu\";s:9:\"Kapcsolat\";s:2:\"th\";s:18:\"\";s:2:\"se\";s:7:\"Kontakt\";}','contact','0.9',NULL,'a:23:{s:2:\"en\";s:112:\"Adds a form to your site that allows visitors to send emails to you without disclosing an email address to them.\";s:2:\"ar\";s:157:\"            .\";s:2:\"br\";s:139:\"Adiciona um formulrio para o seu site permitir aos visitantes que enviem e-mails para voce sem divulgar um endereo de e-mail para eles.\";s:2:\"pt\";s:116:\"Adiciona um formulrio ao seu site que permite aos visitantes enviarem e-mails sem divulgar um endereo de e-mail.\";s:2:\"cs\";s:149:\"Pid na web kontaktn formul pro nvtvnky a uivatele, dky ktermu vs mohou kontaktovat i bez znalosti va e-mailov adresy.\";s:2:\"da\";s:123:\"Tilfjer en formular p din side som tillader besgende at sende mails til dig, uden at du skal opgive din email-adresse\";s:2:\"de\";s:119:\"Fgt ein Formular hinzu, welches Besuchern erlaubt Emails zu schreiben, ohne die Kontakt Email-Adresse offen zu legen.\";s:2:\"el\";s:273:\"               email        email .\";s:2:\"es\";s:156:\"Aade un formulario a tu sitio que permitir a los visitantes enviarte correos electrnicos a ti sin darles tu direccin de correo directamente a ellos.\";s:2:\"fi\";s:128:\"Luo lomakkeen sivustollesi, josta kvijt voivat lhett shkpostia tietmtt vastaanottajan shkpostiosoitetta.\";s:2:\"fr\";s:122:\"Ajoute un formulaire  votre site qui permet aux visiteurs de vous envoyer un e-mail sans rvler votre adresse e-mail.\";s:2:\"he\";s:155:\"               \";s:2:\"id\";s:149:\"Menambahkan formulir ke dalam situs Anda yang memungkinkan pengunjung untuk mengirimkan email kepada Anda tanpa memberikan alamat email kepada mereka\";s:2:\"it\";s:119:\"Aggiunge un modulo al tuo sito che permette ai visitatori di inviarti email senza mostrare loro il tuo indirizzo email.\";s:2:\"lt\";s:124:\"Prideda js puslapyje form leidianti lankytojams sisti jums el. laikus neatskleidiant js el. pato adreso.\";s:2:\"nl\";s:125:\"Voegt een formulier aan de site toe waarmee bezoekers een email kunnen sturen, zonder dat u ze een emailadres hoeft te tonen.\";s:2:\"pl\";s:126:\"Dodaje formularz kontaktowy do Twojej strony, ktry pozwala uytkownikom wysanie maila za pomoc formularza kontaktowego.\";s:2:\"ru\";s:234:\"     ,       ,    Email  .\";s:2:\"sl\";s:113:\"Dodaj obrazec za kontakt da vam lahko obiskovalci poljejo sporoilo brez da bi jim razkrili va email naslov.\";s:2:\"zh\";s:147:\"\";s:2:\"th\";s:316:\" \";s:2:\"hu\";s:156:\"Ltrehozhat vele olyan rlap, amely lehetv teszi a ltogatk szmra, hogy e-mailt kldjenek neked gy, hogy nem feded fel az e-mail cmedet.\";s:2:\"se\";s:53:\"Lgger till ett kontaktformulr till din webbplats.\";}',0,0,0,'0',1,1,1,1366062657);
insert  into `default_modules`(`id`,`name`,`slug`,`version`,`type`,`description`,`skip_xss`,`is_frontend`,`is_backend`,`menu`,`enabled`,`installed`,`is_core`,`updated_on`) values (4,'a:22:{s:2:\"en\";s:5:\"Files\";s:2:\"ar\";s:16:\"\";s:2:\"br\";s:8:\"Arquivos\";s:2:\"pt\";s:9:\"Ficheiros\";s:2:\"cs\";s:7:\"Soubory\";s:2:\"da\";s:5:\"Filer\";s:2:\"de\";s:7:\"Dateien\";s:2:\"el\";s:12:\"\";s:2:\"es\";s:8:\"Archivos\";s:2:\"fi\";s:9:\"Tiedostot\";s:2:\"fr\";s:8:\"Fichiers\";s:2:\"he\";s:10:\"\";s:2:\"id\";s:4:\"File\";s:2:\"it\";s:4:\"File\";s:2:\"lt\";s:6:\"Failai\";s:2:\"nl\";s:9:\"Bestanden\";s:2:\"ru\";s:10:\"\";s:2:\"sl\";s:8:\"Datoteke\";s:2:\"zh\";s:6:\"\";s:2:\"hu\";s:7:\"Fjlok\";s:2:\"th\";s:12:\"\";s:2:\"se\";s:5:\"Filer\";}','files','2.0',NULL,'a:22:{s:2:\"en\";s:40:\"Manages files and folders for your site.\";s:2:\"ar\";s:50:\"   .\";s:2:\"br\";s:53:\"Permite gerenciar facilmente os arquivos de seu site.\";s:2:\"pt\";s:59:\"Permite gerir facilmente os ficheiros e pastas do seu site.\";s:2:\"cs\";s:43:\"Spravujte soubory a sloky na vaem webu.\";s:2:\"da\";s:41:\"Administrer filer og mapper for dit site.\";s:2:\"de\";s:35:\"Verwalte Dateien und Verzeichnisse.\";s:2:\"el\";s:100:\"       .\";s:2:\"es\";s:43:\"Administra archivos y carpetas en tu sitio.\";s:2:\"fi\";s:43:\"Hallitse sivustosi tiedostoja ja kansioita.\";s:2:\"fr\";s:46:\"Grer les fichiers et dossiers de votre site.\";s:2:\"he\";s:47:\"   \";s:2:\"id\";s:42:\"Mengatur file dan folder dalam situs Anda.\";s:2:\"it\";s:38:\"Gestisci file e cartelle del tuo sito.\";s:2:\"lt\";s:28:\"Katalog ir byl valdymas.\";s:2:\"nl\";s:41:\"Beheer bestanden en mappen op uw website.\";s:2:\"ru\";s:78:\"     .\";s:2:\"sl\";s:38:\"Uredi datoteke in mape na vai strani\";s:2:\"zh\";s:33:\"\";s:2:\"hu\";s:41:\"Fjlok s mappk kezelse az oldalon.\";s:2:\"th\";s:141:\"\";s:2:\"se\";s:45:\"Hanterar filer och mappar fr din webbplats.\";}',0,0,1,'content',1,1,1,1366062657);
insert  into `default_modules`(`id`,`name`,`slug`,`version`,`type`,`description`,`skip_xss`,`is_frontend`,`is_backend`,`menu`,`enabled`,`installed`,`is_core`,`updated_on`) values (5,'a:22:{s:2:\"en\";s:6:\"Groups\";s:2:\"ar\";s:18:\"\";s:2:\"br\";s:6:\"Grupos\";s:2:\"pt\";s:6:\"Grupos\";s:2:\"cs\";s:7:\"Skupiny\";s:2:\"da\";s:7:\"Grupper\";s:2:\"de\";s:7:\"Gruppen\";s:2:\"el\";s:12:\"\";s:2:\"es\";s:6:\"Grupos\";s:2:\"fi\";s:7:\"Ryhmt\";s:2:\"fr\";s:7:\"Groupes\";s:2:\"he\";s:12:\"\";s:2:\"id\";s:4:\"Grup\";s:2:\"it\";s:6:\"Gruppi\";s:2:\"lt\";s:7:\"Grups\";s:2:\"nl\";s:7:\"Groepen\";s:2:\"ru\";s:12:\"\";s:2:\"sl\";s:7:\"Skupine\";s:2:\"zh\";s:6:\"\";s:2:\"hu\";s:9:\"Csoportok\";s:2:\"th\";s:15:\"\";s:2:\"se\";s:7:\"Grupper\";}','groups','1.0',NULL,'a:22:{s:2:\"en\";s:54:\"Users can be placed into groups to manage permissions.\";s:2:\"ar\";s:100:\"       .\";s:2:\"br\";s:72:\"Usurios podem ser inseridos em grupos para gerenciar suas permisses.\";s:2:\"pt\";s:74:\"Utilizadores podem ser inseridos em grupos para gerir as suas permisses.\";s:2:\"cs\";s:77:\"Uivatel mohou bt rozazeni do skupin pro lep sprvu oprvnn.\";s:2:\"da\";s:49:\"Brugere kan inddeles i grupper for adgangskontrol\";s:2:\"de\";s:85:\"Benutzer knnen zu Gruppen zusammengefasst werden um diesen Zugriffsrechte zu geben.\";s:2:\"el\";s:168:\"             .\";s:2:\"es\";s:75:\"Los usuarios podrn ser colocados en grupos para administrar sus permisos.\";s:2:\"fi\";s:84:\"Kyttjt voidaan liitt ryhmiin, jotta kyttoikeuksia voidaan hallinnoida.\";s:2:\"fr\";s:82:\"Les utilisateurs peuvent appartenir  des groupes afin de grer les permissions.\";s:2:\"he\";s:62:\"    \";s:2:\"id\";s:68:\"Pengguna dapat dikelompokkan ke dalam grup untuk mengatur perizinan.\";s:2:\"it\";s:69:\"Gli utenti possono essere inseriti in gruppi per gestirne i permessi.\";s:2:\"lt\";s:67:\"Vartotojai gali bti priskirti grupei tam, kad valdyti j teises.\";s:2:\"nl\";s:73:\"Gebruikers kunnen in groepen geplaatst worden om rechten te kunnen geven.\";s:2:\"ru\";s:134:\"    ,    .\";s:2:\"sl\";s:64:\"Uporabniki so lahko razvreni v skupine za urejanje dovoljenj\";s:2:\"zh\";s:45:\"\";s:2:\"hu\";s:73:\"A felhasznlk csoportokba rendezhetek a jogosultsgok kezelsre.\";s:2:\"th\";s:84:\"\";s:2:\"se\";s:76:\"Anvndare kan delas in i grupper fr att hantera roller och behrigheter.\";}',0,0,1,'users',1,1,1,1366062657);
insert  into `default_modules`(`id`,`name`,`slug`,`version`,`type`,`description`,`skip_xss`,`is_frontend`,`is_backend`,`menu`,`enabled`,`installed`,`is_core`,`updated_on`) values (6,'a:15:{s:2:\"en\";s:8:\"Keywords\";s:2:\"ar\";s:21:\" \";s:2:\"br\";s:14:\"Palavras-chave\";s:2:\"pt\";s:14:\"Palavras-chave\";s:2:\"da\";s:9:\"Ngleord\";s:2:\"el\";s:27:\" \";s:2:\"fr\";s:10:\"Mots-Cls\";s:2:\"id\";s:10:\"Kata Kunci\";s:2:\"nl\";s:14:\"Sleutelwoorden\";s:2:\"zh\";s:6:\"\";s:2:\"hu\";s:11:\"Kulcsszavak\";s:2:\"fi\";s:10:\"Avainsanat\";s:2:\"sl\";s:15:\"Kljune besede\";s:2:\"th\";s:15:\"\";s:2:\"se\";s:9:\"Nyckelord\";}','keywords','1.0',NULL,'a:15:{s:2:\"en\";s:71:\"Maintain a central list of keywords to label and organize your content.\";s:2:\"ar\";s:124:\"           .\";s:2:\"br\";s:85:\"Mantm uma lista central de palavras-chave para rotular e organizar o seu contedo.\";s:2:\"pt\";s:85:\"Mantm uma lista central de palavras-chave para rotular e organizar o seu contedo.\";s:2:\"da\";s:72:\"Vedligehold en central liste af ngleord for at organisere dit indhold.\";s:2:\"el\";s:181:\"              .\";s:2:\"fr\";s:87:\"Maintenir une liste centralise de Mots-Cls pour libeller et organiser vos contenus.\";s:2:\"id\";s:71:\"Memantau daftar kata kunci untuk melabeli dan mengorganisasikan konten.\";s:2:\"nl\";s:91:\"Beheer een centrale lijst van sleutelwoorden om uw content te categoriseren en organiseren.\";s:2:\"zh\";s:64:\"(keywords)\";s:2:\"hu\";s:65:\"Ez egy kzponti kulcssz lista a cimkkhez s a tartalmakhoz.\";s:2:\"fi\";s:92:\"Hallinnoi keskitetty listaa avainsanoista merkitksesi ja jrjestellksesi sislt.\";s:2:\"sl\";s:82:\"Vzdruj centralni seznam kljunih besed za oznaevanje in ogranizacijo vsebine.\";s:2:\"th\";s:189:\"\";s:2:\"se\";s:61:\"Hantera nyckelord fr att organisera webbplatsens innehll.\";}',0,0,0,'content',1,1,1,1366062657);
insert  into `default_modules`(`id`,`name`,`slug`,`version`,`type`,`description`,`skip_xss`,`is_frontend`,`is_backend`,`menu`,`enabled`,`installed`,`is_core`,`updated_on`) values (7,'a:12:{s:2:\"en\";s:11:\"Maintenance\";s:2:\"pt\";s:12:\"Manuteno\";s:2:\"ar\";s:14:\"\";s:2:\"el\";s:18:\"\";s:2:\"hu\";s:13:\"Karbantarts\";s:2:\"fi\";s:9:\"Yllpito\";s:2:\"fr\";s:11:\"Maintenance\";s:2:\"id\";s:12:\"Pemeliharaan\";s:2:\"se\";s:10:\"Underhll\";s:2:\"sl\";s:12:\"Vzdrevanje\";s:2:\"th\";s:39:\"\";s:2:\"zh\";s:6:\"\";}','maintenance','1.0',NULL,'a:12:{s:2:\"en\";s:63:\"Manage the site cache and export information from the database.\";s:2:\"pt\";s:68:\"Gerir o cache do seu site e exportar informaes da base de dados.\";s:2:\"ar\";s:81:\"      .\";s:2:\"el\";s:142:\"       .\";s:2:\"id\";s:60:\"Mengatur cache situs dan mengexport informasi dari database.\";s:2:\"fr\";s:71:\"Grer le cache du site et exporter les contenus de la base de donnes\";s:2:\"fi\";s:59:\"Hallinoi sivuston vlimuistia ja vie tietoa tietokannasta.\";s:2:\"hu\";s:66:\"Az oldal gyorsttr kezelse s az adatbzis exportlsa.\";s:2:\"se\";s:76:\"Underhll webbplatsens cache och exportera data frn webbplatsens databas.\";s:2:\"sl\";s:69:\"Upravljaj s predpomnilnikom strani (cache) in izvozi podatke iz baze.\";s:2:\"th\";s:150:\"\";s:2:\"zh\";s:45:\"\";}',0,0,0,'utilities',1,1,1,1366062657);
insert  into `default_modules`(`id`,`name`,`slug`,`version`,`type`,`description`,`skip_xss`,`is_frontend`,`is_backend`,`menu`,`enabled`,`installed`,`is_core`,`updated_on`) values (8,'a:23:{s:2:\"en\";s:7:\"Modules\";s:2:\"ar\";s:14:\"\";s:2:\"br\";s:8:\"Mdulos\";s:2:\"pt\";s:8:\"Mdulos\";s:2:\"cs\";s:6:\"Moduly\";s:2:\"da\";s:7:\"Moduler\";s:2:\"de\";s:6:\"Module\";s:2:\"el\";s:16:\"\";s:2:\"es\";s:8:\"Mdulos\";s:2:\"fi\";s:8:\"Moduulit\";s:2:\"fr\";s:7:\"Modules\";s:2:\"he\";s:14:\"\";s:2:\"id\";s:5:\"Modul\";s:2:\"it\";s:6:\"Moduli\";s:2:\"lt\";s:8:\"Moduliai\";s:2:\"nl\";s:7:\"Modules\";s:2:\"pl\";s:7:\"Moduy\";s:2:\"ru\";s:12:\"\";s:2:\"sl\";s:6:\"Moduli\";s:2:\"zh\";s:6:\"\";s:2:\"hu\";s:7:\"Modulok\";s:2:\"th\";s:15:\"\";s:2:\"se\";s:7:\"Moduler\";}','modules','1.0',NULL,'a:23:{s:2:\"en\";s:59:\"Allows admins to see a list of currently installed modules.\";s:2:\"ar\";s:91:\"      .\";s:2:\"br\";s:75:\"Permite aos administradores ver a lista dos mdulos instalados atualmente.\";s:2:\"pt\";s:75:\"Permite aos administradores ver a lista dos mdulos instalados atualmente.\";s:2:\"cs\";s:68:\"Umouje administrtorm vidt seznam nainstalovanch modul.\";s:2:\"da\";s:63:\"Lader administratorer se en liste over de installerede moduler.\";s:2:\"de\";s:56:\"Zeigt Administratoren alle aktuell installierten Module.\";s:2:\"el\";s:152:\"         .\";s:2:\"es\";s:71:\"Permite a los administradores ver una lista de los mdulos instalados.\";s:2:\"fi\";s:60:\"Listaa jrjestelmnvalvojalle kytss olevat moduulit.\";s:2:\"fr\";s:66:\"Permet aux administrateurs de voir la liste des modules installs\";s:2:\"he\";s:160:\"              \";s:2:\"id\";s:57:\"Memperlihatkan kepada admin daftar modul yang terinstall.\";s:2:\"it\";s:83:\"Permette agli amministratori di vedere una lista dei moduli attualmente installati.\";s:2:\"lt\";s:75:\"Vartotojai ir sveiai gali komentuoti js naujienas, puslapius ar foto.\";s:2:\"nl\";s:79:\"Stelt admins in staat om een overzicht van geinstalleerde modules te genereren.\";s:2:\"pl\";s:81:\"Umoliwiaj administratorowi wgld do listy obecnie zainstalowanych moduw.\";s:2:\"ru\";s:83:\" ,    .\";s:2:\"sl\";s:65:\"Dovoljuje administratorjem pregled trenutno nameenih modulov.\";s:2:\"zh\";s:54:\"\";s:2:\"hu\";s:79:\"Lehetv teszi az adminoknak, hogy lssk a teleptett modulok listjt.\";s:2:\"th\";s:162:\"\";s:2:\"se\";s:67:\"Gr det mjligt fr administratren att se installerade mouler.\";}',0,0,1,'0',1,1,1,1366062657);
insert  into `default_modules`(`id`,`name`,`slug`,`version`,`type`,`description`,`skip_xss`,`is_frontend`,`is_backend`,`menu`,`enabled`,`installed`,`is_core`,`updated_on`) values (9,'a:23:{s:2:\"en\";s:10:\"Navigation\";s:2:\"ar\";s:14:\"\";s:2:\"br\";s:11:\"Navegao\";s:2:\"pt\";s:11:\"Navegao\";s:2:\"cs\";s:8:\"Navigace\";s:2:\"da\";s:10:\"Navigation\";s:2:\"de\";s:10:\"Navigation\";s:2:\"el\";s:16:\"\";s:2:\"es\";s:11:\"Navegacin\";s:2:\"fi\";s:10:\"Navigointi\";s:2:\"fr\";s:10:\"Navigation\";s:2:\"he\";s:10:\"\";s:2:\"id\";s:8:\"Navigasi\";s:2:\"it\";s:11:\"Navigazione\";s:2:\"lt\";s:10:\"Navigacija\";s:2:\"nl\";s:9:\"Navigatie\";s:2:\"pl\";s:9:\"Nawigacja\";s:2:\"ru\";s:18:\"\";s:2:\"sl\";s:10:\"Navigacija\";s:2:\"zh\";s:12:\"\";s:2:\"th\";s:36:\"\";s:2:\"hu\";s:11:\"Navigci\";s:2:\"se\";s:10:\"Navigation\";}','navigation','1.1',NULL,'a:23:{s:2:\"en\";s:78:\"Manage links on navigation menus and all the navigation groups they belong to.\";s:2:\"ar\";s:85:\"      .\";s:2:\"br\";s:91:\"Gerenciar links do menu de navegao e todos os grupos de navegao pertencentes a ele.\";s:2:\"pt\";s:93:\"Gerir todos os grupos dos menus de navegao e os links de navegao pertencentes a eles.\";s:2:\"cs\";s:73:\"Sprva odkaz v navigaci a vech souvisejcch naviganch skupin.\";s:2:\"da\";s:82:\"Hndtr links p navigationsmenuerne og alle navigationsgrupperne de tilhrer.\";s:2:\"de\";s:76:\"Verwalte Links in Navigationsmens und alle zugehrigen Navigationsgruppen\";s:2:\"el\";s:207:\"              .\";s:2:\"es\";s:102:\"Administra links en los mens de navegacin y en todos los grupos de navegacin al cual pertenecen.\";s:2:\"fi\";s:91:\"Hallitse linkkej navigointi valikoissa ja kaikkia navigointi ryhmi, joihin ne kuuluvat.\";s:2:\"fr\";s:97:\"Grer les liens du menu Navigation et tous les groupes de navigation auxquels ils appartiennent.\";s:2:\"he\";s:73:\"     \";s:2:\"id\";s:73:\"Mengatur tautan pada menu navigasi dan semua pengelompokan grup navigasi.\";s:2:\"it\";s:97:\"Gestisci i collegamenti dei menu di navigazione e tutti i gruppi di navigazione da cui dipendono.\";s:2:\"lt\";s:95:\"Tvarkyk nuorodas navigacij meni ir visas navigacij grupes kurioms tos nuorodos priklauso.\";s:2:\"nl\";s:92:\"Beheer koppelingen op de navigatiemenu&apos;s en alle navigatiegroepen waar ze onder vallen.\";s:2:\"pl\";s:95:\"Zarzdzaj linkami w menu nawigacji oraz wszystkimi grupami nawigacji do ktrych one nale.\";s:2:\"ru\";s:136:\"      ,    .\";s:2:\"sl\";s:64:\"Uredi povezave v meniju in vse skupine povezav ki jim pripadajo.\";s:2:\"zh\";s:72:\"\";s:2:\"th\";s:108:\"\";s:2:\"hu\";s:100:\"Linkek kezelse a navigcis menkben s a navigcis csoportok kezelse, amikhez tartoznak.\";s:2:\"se\";s:33:\"Hantera lnkar och lnkgrupper.\";}',0,0,0,'design',1,1,1,1366062657);
insert  into `default_modules`(`id`,`name`,`slug`,`version`,`type`,`description`,`skip_xss`,`is_frontend`,`is_backend`,`menu`,`enabled`,`installed`,`is_core`,`updated_on`) values (10,'a:23:{s:2:\"en\";s:5:\"Pages\";s:2:\"ar\";s:14:\"\";s:2:\"br\";s:8:\"Pginas\";s:2:\"pt\";s:8:\"Pginas\";s:2:\"cs\";s:8:\"Strnky\";s:2:\"da\";s:5:\"Sider\";s:2:\"de\";s:6:\"Seiten\";s:2:\"el\";s:14:\"\";s:2:\"es\";s:8:\"Pginas\";s:2:\"fi\";s:5:\"Sivut\";s:2:\"fr\";s:5:\"Pages\";s:2:\"he\";s:8:\"\";s:2:\"id\";s:7:\"Halaman\";s:2:\"it\";s:6:\"Pagine\";s:2:\"lt\";s:9:\"Puslapiai\";s:2:\"nl\";s:13:\"Pagina&apos;s\";s:2:\"pl\";s:6:\"Strony\";s:2:\"ru\";s:16:\"\";s:2:\"sl\";s:6:\"Strani\";s:2:\"zh\";s:6:\"\";s:2:\"hu\";s:7:\"Oldalak\";s:2:\"th\";s:21:\"\";s:2:\"se\";s:5:\"Sidor\";}','pages','2.2.0',NULL,'a:23:{s:2:\"en\";s:55:\"Add custom pages to the site with any content you want.\";s:2:\"ar\";s:99:\"        .\";s:2:\"br\";s:82:\"Adicionar pginas personalizadas ao site com qualquer contedo que voc queira.\";s:2:\"pt\";s:86:\"Adicionar pginas personalizadas ao seu site com qualquer contedo que voc queira.\";s:2:\"cs\";s:74:\"Pidvejte vlastn strnky na web s jakmkoliv obsahem budete chtt.\";s:2:\"da\";s:71:\"Tilfj brugerdefinerede sider til dit site med det indhold du nsker.\";s:2:\"de\";s:49:\"Fge eigene Seiten mit anpassbaren Inhalt hinzu.\";s:2:\"el\";s:152:\"        ,  .\";s:2:\"es\";s:77:\"Agrega pginas customizadas al sitio con cualquier contenido que tu quieras.\";s:2:\"fi\";s:47:\"Lis mit tahansa sislt sivustollesi.\";s:2:\"fr\";s:89:\"Permet d\'ajouter sur le site des pages personalises avec le contenu que vous souhaitez.\";s:2:\"he\";s:35:\"   \";s:2:\"id\";s:75:\"Menambahkan halaman ke dalam situs dengan konten apapun yang Anda perlukan.\";s:2:\"it\";s:73:\"Aggiungi pagine personalizzate al sito con qualsiesi contenuto tu voglia.\";s:2:\"lt\";s:46:\"Pridkite nuosavus puslapius betkokio turinio\";s:2:\"nl\";s:70:\"Voeg aangepaste pagina&apos;s met willekeurige inhoud aan de site toe.\";s:2:\"pl\";s:53:\"Dodaj wasne strony z dowoln treci do witryny.\";s:2:\"ru\";s:134:\"   ,   .\";s:2:\"sl\";s:44:\"Dodaj stran s kakrno koli vsebino elite.\";s:2:\"zh\";s:39:\"\";s:2:\"th\";s:168:\"\";s:2:\"hu\";s:67:\"Sajt oldalak hozzadsa a weboldalhoz, akrmilyen tartalommal.\";s:2:\"se\";s:39:\"Lgg till egna sidor till webbplatsen.\";}',1,1,0,'content',1,1,1,1366062657);
insert  into `default_modules`(`id`,`name`,`slug`,`version`,`type`,`description`,`skip_xss`,`is_frontend`,`is_backend`,`menu`,`enabled`,`installed`,`is_core`,`updated_on`) values (11,'a:23:{s:2:\"en\";s:11:\"Permissions\";s:2:\"ar\";s:18:\"\";s:2:\"br\";s:11:\"Permisses\";s:2:\"pt\";s:11:\"Permisses\";s:2:\"cs\";s:12:\"Oprvnn\";s:2:\"da\";s:14:\"Adgangskontrol\";s:2:\"de\";s:14:\"Zugriffsrechte\";s:2:\"el\";s:20:\"\";s:2:\"es\";s:8:\"Permisos\";s:2:\"fi\";s:16:\"Kyttoikeudet\";s:2:\"fr\";s:11:\"Permissions\";s:2:\"he\";s:12:\"\";s:2:\"id\";s:9:\"Perizinan\";s:2:\"it\";s:8:\"Permessi\";s:2:\"lt\";s:7:\"Teiss\";s:2:\"nl\";s:15:\"Toegangsrechten\";s:2:\"pl\";s:11:\"Uprawnienia\";s:2:\"ru\";s:25:\" \";s:2:\"sl\";s:10:\"Dovoljenja\";s:2:\"zh\";s:6:\"\";s:2:\"hu\";s:14:\"Jogosultsgok\";s:2:\"th\";s:18:\"\";s:2:\"se\";s:13:\"Behrigheter\";}','permissions','0.6',NULL,'a:23:{s:2:\"en\";s:68:\"Control what type of users can see certain sections within the site.\";s:2:\"ar\";s:127:\"        .\";s:2:\"br\";s:68:\"Controle quais tipos de usurios podem ver certas sees no site.\";s:2:\"pt\";s:75:\"Controle quais os tipos de utilizadores podem ver certas seces no site.\";s:2:\"cs\";s:93:\"Spravujte oprvnn pro jednotliv typy uivatel a ke kterm sekcm maj pstup.\";s:2:\"da\";s:72:\"Kontroller hvilken type brugere der kan se bestemte sektioner p sitet.\";s:2:\"de\";s:70:\"Regelt welche Art von Benutzer welche Sektion in der Seite sehen kann.\";s:2:\"el\";s:180:\"             .\";s:2:\"es\";s:81:\"Controla que tipo de usuarios pueden ver secciones especficas dentro del sitio.\";s:2:\"fi\";s:72:\"Hallitse mink tyyppisiin osioihin kyttjt psevt sivustolla.\";s:2:\"fr\";s:104:\"Permet de dfinir les autorisations des groupes d\'utilisateurs pour afficher les diffrentes sections.\";s:2:\"he\";s:75:\"     \";s:2:\"id\";s:76:\"Mengontrol tipe pengguna mana yang dapat mengakses suatu bagian dalam situs.\";s:2:\"it\";s:78:\"Controlla che tipo di utenti posssono accedere a determinate sezioni del sito.\";s:2:\"lt\";s:72:\"Kontroliuokite kokio tipo varotojai koki dal puslapio gali pasiekti.\";s:2:\"nl\";s:71:\"Bepaal welke typen gebruikers toegang hebben tot gedeeltes van de site.\";s:2:\"pl\";s:79:\"Ustaw, ktrzy uytkownicy mog mie dostp do odpowiednich sekcji witryny.\";s:2:\"ru\";s:209:\"  ,         .\";s:2:\"sl\";s:85:\"Uredite dovoljenja kateri tip uporabnika lahko vidi doloena podroja vae strani.\";s:2:\"zh\";s:81:\"\";s:2:\"hu\";s:129:\"A felhasznlk felgyelet alatt tartsra, hogy milyen tpus felhasznlk, mit lthatnak, mely szakaszain az oldalnak.\";s:2:\"th\";s:117:\"\";s:2:\"se\";s:27:\"Hantera gruppbehrigheter.\";}',0,0,1,'users',1,1,1,1366062657);
insert  into `default_modules`(`id`,`name`,`slug`,`version`,`type`,`description`,`skip_xss`,`is_frontend`,`is_backend`,`menu`,`enabled`,`installed`,`is_core`,`updated_on`) values (12,'a:21:{s:2:\"en\";s:9:\"Redirects\";s:2:\"ar\";s:18:\"\";s:2:\"br\";s:17:\"Redirecionamentos\";s:2:\"pt\";s:17:\"Redirecionamentos\";s:2:\"cs\";s:16:\"Pesmrovn\";s:2:\"da\";s:13:\"Omadressering\";s:2:\"el\";s:30:\"\";s:2:\"es\";s:13:\"Redirecciones\";s:2:\"fi\";s:18:\"Uudelleenohjaukset\";s:2:\"fr\";s:12:\"Redirections\";s:2:\"he\";s:12:\"\";s:2:\"id\";s:8:\"Redirect\";s:2:\"it\";s:11:\"Reindirizzi\";s:2:\"lt\";s:14:\"Peradresavimai\";s:2:\"nl\";s:12:\"Verwijzingen\";s:2:\"ru\";s:30:\"\";s:2:\"sl\";s:12:\"Preusmeritve\";s:2:\"zh\";s:6:\"\";s:2:\"hu\";s:17:\"tirnytsok\";s:2:\"th\";s:42:\"\";s:2:\"se\";s:14:\"Omdirigeringar\";}','redirects','1.0',NULL,'a:21:{s:2:\"en\";s:33:\"Redirect from one URL to another.\";s:2:\"ar\";s:47:\"   URL  .\";s:2:\"br\";s:39:\"Redirecionamento de uma URL para outra.\";s:2:\"pt\";s:40:\"Redirecionamentos de uma URL para outra.\";s:2:\"cs\";s:43:\"Pesmrujte z jedn adresy URL na jinou.\";s:2:\"da\";s:35:\"Omadresser fra en URL til en anden.\";s:2:\"el\";s:81:\"   URL   \";s:2:\"es\";s:34:\"Redireccionar desde una URL a otra\";s:2:\"fi\";s:45:\"Uudelleenohjaa kyttjn paikasta toiseen.\";s:2:\"fr\";s:34:\"Redirection d\'une URL  un autre.\";s:2:\"he\";s:43:\"   \";s:2:\"id\";s:40:\"Redirect dari satu URL ke URL yang lain.\";s:2:\"it\";s:35:\"Reindirizza da una URL ad un altra.\";s:2:\"lt\";s:56:\"Peradresuokite puslap i vieno adreso (URL)  kit.\";s:2:\"nl\";s:38:\"Verwijs vanaf een URL naar een andere.\";s:2:\"ru\";s:78:\"     .\";s:2:\"sl\";s:44:\"Preusmeritev iz enega URL naslova na drugega\";s:2:\"zh\";s:33:\"\";s:2:\"hu\";s:38:\"Egy URL tirnytsa egy msikra.\";s:2:\"th\";s:123:\"\";s:2:\"se\";s:38:\"Omdirigera frn en URL till en annan.\";}',0,0,1,'utilities',1,1,1,1366062657);
insert  into `default_modules`(`id`,`name`,`slug`,`version`,`type`,`description`,`skip_xss`,`is_frontend`,`is_backend`,`menu`,`enabled`,`installed`,`is_core`,`updated_on`) values (13,'a:23:{s:2:\"en\";s:8:\"Settings\";s:2:\"ar\";s:18:\"\";s:2:\"br\";s:15:\"Configuraes\";s:2:\"pt\";s:15:\"Configuraes\";s:2:\"cs\";s:10:\"Nastaven\";s:2:\"da\";s:13:\"Indstillinger\";s:2:\"de\";s:13:\"Einstellungen\";s:2:\"el\";s:18:\"\";s:2:\"es\";s:15:\"Configuraciones\";s:2:\"fi\";s:9:\"Asetukset\";s:2:\"fr\";s:11:\"Paramtres\";s:2:\"he\";s:12:\"\";s:2:\"id\";s:10:\"Pengaturan\";s:2:\"it\";s:12:\"Impostazioni\";s:2:\"lt\";s:10:\"Nustatymai\";s:2:\"nl\";s:12:\"Instellingen\";s:2:\"pl\";s:10:\"Ustawienia\";s:2:\"ru\";s:18:\"\";s:2:\"sl\";s:10:\"Nastavitve\";s:2:\"zh\";s:12:\"\";s:2:\"hu\";s:14:\"Belltsok\";s:2:\"th\";s:21:\"\";s:2:\"se\";s:14:\"Instllningar\";}','settings','1.0',NULL,'a:23:{s:2:\"en\";s:89:\"Allows administrators to update settings like Site Name, messages and email address, etc.\";s:2:\"ar\";s:161:\"           .. .\";s:2:\"br\";s:120:\"Permite com que administradores e a equipe consigam trocar as configuraes do website incluindo o nome e descrio.\";s:2:\"pt\";s:113:\"Permite com que os administradores consigam alterar as configuraes do website incluindo o nome e descrio.\";s:2:\"cs\";s:102:\"Umouje administrtorm mnit nastaven webu jako jeho jmno, zprvy a emailovou adresu apod.\";s:2:\"da\";s:90:\"Lader administratorer opdatere indstillinger som sidenavn, beskeder og email adresse, etc.\";s:2:\"de\";s:92:\"Erlaubt es Administratoren die Einstellungen der Seite wie Name und Beschreibung zu ndern.\";s:2:\"el\";s:230:\"          ,      email, ..\";s:2:\"es\";s:131:\"Permite a los administradores y al personal configurar los detalles del sitio como el nombre del sitio y la descripcin del mismo.\";s:2:\"fi\";s:105:\"Mahdollistaa sivuston asetusten muokkaamisen, kuten sivuston nimen, viestit ja shkpostiosoitteet yms.\";s:2:\"fr\";s:105:\"Permet aux admistrateurs et au personnel de modifier les paramtres du site : nom du site et description\";s:2:\"he\";s:116:\"     :  , ,   \";s:2:\"id\";s:112:\"Memungkinkan administrator untuk dapat memperbaharui pengaturan seperti nama situs, pesan dan alamat email, dsb.\";s:2:\"it\";s:109:\"Permette agli amministratori di aggiornare impostazioni quali Nome del Sito, messaggi e indirizzo email, etc.\";s:2:\"lt\";s:104:\"Leidia administratoriams keisti puslapio vavadinim, inutes, administratoriaus el. pata ir kit.\";s:2:\"nl\";s:114:\"Maakt het administratoren en medewerkers mogelijk om websiteinstellingen zoals naam en beschrijving te veranderen.\";s:2:\"pl\";s:103:\"Umoliwia administratorom zmian ustawie strony jak nazwa strony, opis, e-mail administratora, itd.\";s:2:\"ru\";s:135:\"   -  , ,    ..\";s:2:\"sl\";s:98:\"Dovoljuje administratorjem posodobitev nastavitev kot je Ime strani, sporoil, email naslova itd.\";s:2:\"zh\";s:99:\"\";s:2:\"hu\";s:125:\"Lehetv teszi az adminok szmra a belltsok frisstst, mint a weboldal neve, zenetek, e-mail cmek, stb...\";s:2:\"th\";s:232:\" \";s:2:\"se\";s:84:\"Administratren kan uppdatera webbplatsens titel, meddelanden och E-postadress etc.\";}',1,0,1,'0',1,1,1,1366062657);
insert  into `default_modules`(`id`,`name`,`slug`,`version`,`type`,`description`,`skip_xss`,`is_frontend`,`is_backend`,`menu`,`enabled`,`installed`,`is_core`,`updated_on`) values (14,'a:18:{s:2:\"en\";s:7:\"Sitemap\";s:2:\"ar\";s:23:\" \";s:2:\"br\";s:12:\"Mapa do Site\";s:2:\"pt\";s:12:\"Mapa do Site\";s:2:\"de\";s:7:\"Sitemap\";s:2:\"el\";s:31:\" \";s:2:\"es\";s:14:\"Mapa del Sitio\";s:2:\"fi\";s:10:\"Sivukartta\";s:2:\"fr\";s:12:\"Plan du site\";s:2:\"id\";s:10:\"Peta Situs\";s:2:\"it\";s:14:\"Mappa del sito\";s:2:\"lt\";s:16:\"Svetains medis\";s:2:\"nl\";s:7:\"Sitemap\";s:2:\"ru\";s:21:\" \";s:2:\"zh\";s:12:\"\";s:2:\"th\";s:21:\"\";s:2:\"hu\";s:13:\"Oldaltrkp\";s:2:\"se\";s:9:\"Sajtkarta\";}','sitemap','1.2',NULL,'a:19:{s:2:\"en\";s:87:\"The sitemap module creates an index of all pages and an XML sitemap for search engines.\";s:2:\"ar\";s:120:\"        XML  .\";s:2:\"br\";s:102:\"O mdulo de mapa do site cria um ndice de todas as pginas e um sitemap XML para motores de busca.\";s:2:\"pt\";s:102:\"O mdulo do mapa do site cria um ndice de todas as pginas e um sitemap XML para motores de busca.\";s:2:\"da\";s:86:\"Sitemapmodulet opretter et indeks over alle sider og et XML sitemap til sgemaskiner.\";s:2:\"de\";s:92:\"Die Sitemap Modul erstellt einen Index aller Seiten und eine XML-Sitemap fr Suchmaschinen.\";s:2:\"el\";s:190:\"            XML    .\";s:2:\"es\";s:111:\"El mdulo de mapa crea un ndice de todas las pginas y un mapa del sitio XML para los motores de bsqueda.\";s:2:\"fi\";s:82:\"sivukartta moduuli luo hakemisto kaikista sivuista ja XML sivukartta hakukoneille.\";s:2:\"fr\";s:106:\"Le module sitemap cre un index de toutes les pages et un plan de site XML pour les moteurs de recherche.\";s:2:\"id\";s:110:\"Modul peta situs ini membuat indeks dari setiap halaman dan sebuah format XML untuk mempermudah mesin pencari.\";s:2:\"it\";s:104:\"Il modulo mappa del sito crea un indice di tutte le pagine e una sitemap in XML per i motori di ricerca.\";s:2:\"lt\";s:86:\"struktra modulis sukuria vis puslapi ir XML Sitemap paiekos sistem indeksas.\";s:2:\"nl\";s:89:\"De sitemap module maakt een index van alle pagina\'s en een XML sitemap voor zoekmachines.\";s:2:\"ru\";s:144:\"         XML   .\";s:2:\"zh\";s:84:\"XML\";s:2:\"th\";s:202:\".\";s:2:\"hu\";s:94:\"Ez a modul indexeli az sszes oldalt s egy XML oldaltkpet generl a keresmotoroknak.\";s:2:\"se\";s:86:\"Sajtkarta, modulen skapar ett index av alla sidor och en XML-sitemap fr skmotorer.\";}',0,1,0,'content',1,1,1,1366062657);
insert  into `default_modules`(`id`,`name`,`slug`,`version`,`type`,`description`,`skip_xss`,`is_frontend`,`is_backend`,`menu`,`enabled`,`installed`,`is_core`,`updated_on`) values (15,'a:5:{s:2:\"en\";s:12:\"Streams Core\";s:2:\"pt\";s:14:\"Ncleo Fluxos\";s:2:\"fr\";s:10:\"Noyau Flux\";s:2:\"el\";s:23:\" \";s:2:\"se\";s:18:\"Streams grundmodul\";}','streams_core','1.0.0',NULL,'a:5:{s:2:\"en\";s:29:\"Core data module for streams.\";s:2:\"pt\";s:37:\"Mdulo central de dados para fluxos.\";s:2:\"fr\";s:32:\"Noyau de donnes pour les Flux.\";s:2:\"el\";s:113:\"      .\";s:2:\"se\";s:50:\"Streams grundmodul fr enklare hantering av data.\";}',1,0,0,'0',1,1,1,1366062657);
insert  into `default_modules`(`id`,`name`,`slug`,`version`,`type`,`description`,`skip_xss`,`is_frontend`,`is_backend`,`menu`,`enabled`,`installed`,`is_core`,`updated_on`) values (16,'a:19:{s:2:\"en\";s:15:\"Email Templates\";s:2:\"ar\";s:48:\"  \";s:2:\"br\";s:17:\"Modelos de e-mail\";s:2:\"pt\";s:17:\"Modelos de e-mail\";s:2:\"da\";s:16:\"Email skabeloner\";s:2:\"el\";s:22:\" email\";s:2:\"es\";s:19:\"Plantillas de email\";s:2:\"fr\";s:17:\"Modles d\'emails\";s:2:\"he\";s:12:\"\";s:2:\"id\";s:14:\"Template Email\";s:2:\"lt\";s:22:\"El. laik ablonai\";s:2:\"nl\";s:15:\"Email sjablonen\";s:2:\"ru\";s:25:\" \";s:2:\"sl\";s:14:\"Email predloge\";s:2:\"zh\";s:12:\"\";s:2:\"hu\";s:15:\"E-mail sablonok\";s:2:\"fi\";s:25:\"Shkposti viestipohjat\";s:2:\"th\";s:33:\"\";s:2:\"se\";s:12:\"E-postmallar\";}','templates','1.1.0',NULL,'a:19:{s:2:\"en\";s:46:\"Create, edit, and save dynamic email templates\";s:2:\"ar\";s:97:\"      .\";s:2:\"br\";s:51:\"Criar, editar e salvar modelos de e-mail dinmicos\";s:2:\"pt\";s:51:\"Criar, editar e salvar modelos de e-mail dinmicos\";s:2:\"da\";s:49:\"Opret, redigr og gem dynamiske emailskabeloner.\";s:2:\"el\";s:108:\",     email.\";s:2:\"es\";s:54:\"Crear, editar y guardar plantillas de email dinmicas\";s:2:\"fr\";s:61:\"Crer, diter et sauver dynamiquement des modles d\'emails\";s:2:\"he\";s:54:\"    \";s:2:\"id\";s:55:\"Membuat, mengedit, dan menyimpan template email dinamis\";s:2:\"lt\";s:58:\"Kurk, tvarkyk ir saugok dinaminius el. laik ablonus.\";s:2:\"nl\";s:49:\"Maak, bewerk, en beheer dynamische emailsjablonen\";s:2:\"ru\";s:127:\",      \";s:2:\"sl\";s:52:\"Ustvari, uredi in shrani spremenljive email predloge\";s:2:\"zh\";s:61:\" email \";s:2:\"hu\";s:63:\"Csinld, szerkeszd s mentsd el a dinamikus e-mail sablonokat\";s:2:\"fi\";s:66:\"Lis, muokkaa ja tallenna dynaamisia shkposti viestipohjia.\";s:2:\"th\";s:129:\"\";s:2:\"se\";s:49:\"Skapa, redigera och spara dynamiska E-postmallar.\";}',1,0,1,'design',1,1,1,1366062657);
insert  into `default_modules`(`id`,`name`,`slug`,`version`,`type`,`description`,`skip_xss`,`is_frontend`,`is_backend`,`menu`,`enabled`,`installed`,`is_core`,`updated_on`) values (17,'a:23:{s:2:\"en\";s:6:\"Themes\";s:2:\"ar\";s:14:\"\";s:2:\"br\";s:5:\"Temas\";s:2:\"pt\";s:5:\"Temas\";s:2:\"cs\";s:14:\"Motivy vzhledu\";s:2:\"da\";s:6:\"Temaer\";s:2:\"de\";s:6:\"Themen\";s:2:\"el\";s:31:\" \";s:2:\"es\";s:5:\"Temas\";s:2:\"fi\";s:6:\"Teemat\";s:2:\"fr\";s:7:\"Thmes\";s:2:\"he\";s:23:\" \";s:2:\"id\";s:4:\"Tema\";s:2:\"it\";s:4:\"Temi\";s:2:\"lt\";s:5:\"Temos\";s:2:\"nl\";s:7:\"Thema\'s\";s:2:\"pl\";s:6:\"Motywy\";s:2:\"ru\";s:8:\"\";s:2:\"sl\";s:8:\"Predloge\";s:2:\"zh\";s:12:\"\";s:2:\"hu\";s:8:\"Sablonok\";s:2:\"th\";s:9:\"\";s:2:\"se\";s:5:\"Teman\";}','themes','1.0',NULL,'a:23:{s:2:\"en\";s:86:\"Allows admins and staff to switch themes, upload new themes, and manage theme options.\";s:2:\"ar\";s:170:\"             .\";s:2:\"br\";s:125:\"Permite aos administradores e membros da equipe fazer upload de novos temas e gerenci-los atravs de uma interface visual.\";s:2:\"pt\";s:100:\"Permite aos administradores fazer upload de novos temas e geri-los atravs de uma interface visual.\";s:2:\"cs\";s:106:\"Umouje administrtorm a dalm osobm mnit vzhled webu, nahrvat nov motivy a spravovat je.\";s:2:\"da\";s:108:\"Lader administratore ndre websidens tema, uploade nye temaer og hndtre dem med en mere visual tilgang.\";s:2:\"de\";s:121:\"Ermglicht es dem Administrator das Seiten Thema auszuwhlen, neue Themen hochzulanden oder diese visuell zu verwalten.\";s:2:\"el\";s:222:\"                 .\";s:2:\"es\";s:132:\"Permite a los administradores y miembros del personal cambiar el tema del sitio web, subir nuevos temas y manejar los ya existentes.\";s:2:\"fi\";s:129:\"Mahdollistaa sivuston teeman vaihtamisen, uusien teemojen lataamisen ja niiden hallinnoinnin visuaalisella kyttliittymll.\";s:2:\"fr\";s:144:\"Permet aux administrateurs et au personnel de modifier le thme du site, de charger de nouveaux thmes et de le grer de faon plus visuelle\";s:2:\"he\";s:63:\"     - \";s:2:\"id\";s:104:\"Memungkinkan admin dan staff untuk mengubah tema tampilan, mengupload tema baru, dan mengatur opsi tema.\";s:2:\"it\";s:120:\"Permette ad amministratori e staff di cambiare il tema del sito, carica nuovi temi e gestiscili in um modo pi visuale.\";s:2:\"lt\";s:105:\"Leidiama administratoriams ir personalui keisti puslapio tem, kraunant nauj tem ir valdyti j.\";s:2:\"nl\";s:153:\"Maakt het voor administratoren en medewerkers mogelijk om het thema van de website te wijzigen, nieuwe thema&apos;s te uploaden en ze visueel te beheren.\";s:2:\"pl\";s:100:\"Umoliwia administratorowi zmian motywu strony, wgrywanie nowych motyww oraz zarzdzanie nimi.\";s:2:\"ru\";s:102:\"   ,   .\";s:2:\"sl\";s:133:\"Dovoljuje adminom in osebju spremembo izgleda spletne strani, namestitev novega izgleda in urejanja le tega v bolj vizualnem pristopu\";s:2:\"zh\";s:108:\"\";s:2:\"th\";s:219:\"\";s:2:\"hu\";s:107:\"Az adminok megvltoztathatjk az oldal kinzett, feltlthetnek j kinzeteket s kezelhetik ket.\";s:2:\"se\";s:94:\"Hantera webbplatsens utseende genom teman, ladda upp nya teman och hantera temainstllningar.\";}',0,0,1,'design',1,1,1,1366062657);
insert  into `default_modules`(`id`,`name`,`slug`,`version`,`type`,`description`,`skip_xss`,`is_frontend`,`is_backend`,`menu`,`enabled`,`installed`,`is_core`,`updated_on`) values (18,'a:23:{s:2:\"en\";s:5:\"Users\";s:2:\"ar\";s:20:\"\";s:2:\"br\";s:9:\"Usurios\";s:2:\"pt\";s:12:\"Utilizadores\";s:2:\"cs\";s:11:\"Uivatel\";s:2:\"da\";s:7:\"Brugere\";s:2:\"de\";s:8:\"Benutzer\";s:2:\"el\";s:14:\"\";s:2:\"es\";s:8:\"Usuarios\";s:2:\"fi\";s:12:\"Kyttjt\";s:2:\"fr\";s:12:\"Utilisateurs\";s:2:\"he\";s:14:\"\";s:2:\"id\";s:8:\"Pengguna\";s:2:\"it\";s:6:\"Utenti\";s:2:\"lt\";s:10:\"Vartotojai\";s:2:\"nl\";s:10:\"Gebruikers\";s:2:\"pl\";s:12:\"Uytkownicy\";s:2:\"ru\";s:24:\"\";s:2:\"sl\";s:10:\"Uporabniki\";s:2:\"zh\";s:6:\"\";s:2:\"hu\";s:14:\"Felhasznlk\";s:2:\"th\";s:27:\"\";s:2:\"se\";s:10:\"Anvndare\";}','users','0.9',NULL,'a:23:{s:2:\"en\";s:81:\"Let users register and log in to the site, and manage them via the control panel.\";s:2:\"ar\";s:133:\"          .\";s:2:\"br\";s:125:\"Permite com que usurios se registrem e entrem no site e tambm que eles sejam gerenciveis apartir do painel de controle.\";s:2:\"pt\";s:125:\"Permite com que os utilizadores se registem e entrem no site e tambm que eles sejam geriveis apartir do painel de controlo.\";s:2:\"cs\";s:103:\"Umouje uivatelm se registrovat a pihlaovat a zrove jejich sprvu v Kontrolnm panelu.\";s:2:\"da\";s:89:\"Lader brugere registrere sig og logge ind p sitet, og hndtr dem via kontrolpanelet.\";s:2:\"de\";s:108:\"Erlaube Benutzern das Registrieren und Einloggen auf der Seite und verwalte sie ber die Admin-Oberflche.\";s:2:\"el\";s:208:\"      .        .\";s:2:\"es\";s:138:\"Permite el registro de nuevos usuarios quienes podrn loguearse en el sitio. Estos podrn controlarse desde el panel de administracin.\";s:2:\"fi\";s:126:\"Antaa kyttjien rekisterity ja kirjautua sisn sivustolle sek mahdollistaa niiden muokkaamisen hallintapaneelista.\";s:2:\"fr\";s:112:\"Permet aux utilisateurs de s\'enregistrer et de se connecter au site et de les grer via le panneau de contrle\";s:2:\"he\";s:62:\" : ,  \";s:2:\"id\";s:102:\"Memungkinkan pengguna untuk mendaftar dan masuk ke dalam situs, dan mengaturnya melalui control panel.\";s:2:\"it\";s:95:\"Fai iscrivere de entrare nel sito gli utenti, e gestiscili attraverso il pannello di controllo.\";s:2:\"lt\";s:106:\"Leidia vartotojams registruotis ir prisijungti prie puslapio, ir valdyti juos per administravimo panele.\";s:2:\"nl\";s:88:\"Laat gebruikers registreren en inloggen op de site, en beheer ze via het controlepaneel.\";s:2:\"pl\";s:87:\"Pozwl uytkownikom na logowanie si na stronie i zarzdzaj nimi za pomoc panelu.\";s:2:\"ru\";s:155:\"  ,   .\";s:2:\"sl\";s:96:\"Dovoli uporabnikom za registracijo in prijavo na strani, urejanje le teh preko nadzorne ploe\";s:2:\"zh\";s:87:\"\";s:2:\"th\";s:210:\"\";s:2:\"hu\";s:120:\"Hogy a felhasznlk tudjanak az oldalra regisztrlni s belpni, valamint lehessen ket kezelni a vezrlpulton.\";s:2:\"se\";s:111:\"Lt dina beskare registrera sig och logga in p webbplatsen. Hantera sedan anvndarna via kontrollpanelen.\";}',0,0,1,'0',1,1,1,1366062657);
insert  into `default_modules`(`id`,`name`,`slug`,`version`,`type`,`description`,`skip_xss`,`is_frontend`,`is_backend`,`menu`,`enabled`,`installed`,`is_core`,`updated_on`) values (19,'a:23:{s:2:\"en\";s:9:\"Variables\";s:2:\"ar\";s:20:\"\";s:2:\"br\";s:10:\"Variveis\";s:2:\"pt\";s:10:\"Variveis\";s:2:\"cs\";s:10:\"Promnn\";s:2:\"da\";s:8:\"Variable\";s:2:\"de\";s:9:\"Variablen\";s:2:\"el\";s:20:\"\";s:2:\"es\";s:9:\"Variables\";s:2:\"fi\";s:9:\"Muuttujat\";s:2:\"fr\";s:9:\"Variables\";s:2:\"he\";s:12:\"\";s:2:\"id\";s:8:\"Variabel\";s:2:\"it\";s:9:\"Variabili\";s:2:\"lt\";s:10:\"Kintamieji\";s:2:\"nl\";s:10:\"Variabelen\";s:2:\"pl\";s:7:\"Zmienne\";s:2:\"ru\";s:20:\"\";s:2:\"sl\";s:13:\"Spremenljivke\";s:2:\"zh\";s:12:\"\";s:2:\"hu\";s:10:\"Vltozk\";s:2:\"th\";s:18:\"\";s:2:\"se\";s:9:\"Variabler\";}','variables','0.4',NULL,'a:23:{s:2:\"en\";s:59:\"Manage global variables that can be accessed from anywhere.\";s:2:\"ar\";s:97:\"      .\";s:2:\"br\";s:61:\"Gerencia as variveis globais acessveis de qualquer lugar.\";s:2:\"pt\";s:58:\"Gerir as variveis globais acessveis de qualquer lugar.\";s:2:\"cs\";s:56:\"Spravujte globln promnn pstupn odkudkoliv.\";s:2:\"da\";s:51:\"Hndtr globale variable som kan tilgs overalt.\";s:2:\"de\";s:74:\"Verwaltet globale Variablen, auf die von berall zugegriffen werden kann.\";s:2:\"el\";s:129:\"        .\";s:2:\"es\";s:50:\"Manage global variables to access from everywhere.\";s:2:\"fi\";s:66:\"Hallitse globaali muuttujia, joihin psee ksiksi mist vain.\";s:2:\"fr\";s:50:\"Manage global variables to access from everywhere.\";s:2:\"he\";s:96:\"        \";s:2:\"id\";s:59:\"Mengatur variabel global yang dapat diakses dari mana saja.\";s:2:\"it\";s:58:\"Gestisci le variabili globali per accedervi da ogni parte.\";s:2:\"lt\";s:64:\"Globali kintamuj tvarkymas kurie yra pasiekiami i bet kur.\";s:2:\"nl\";s:54:\"Beheer globale variabelen die overal beschikbaar zijn.\";s:2:\"pl\";s:86:\"Zarzdzaj globalnymi zmiennymi do ktrych masz dostp z kadego miejsca aplikacji.\";s:2:\"ru\";s:136:\"  ,      .\";s:2:\"sl\";s:53:\"Urejanje globalnih spremenljivk za dostop od kjerkoli\";s:2:\"th\";s:148:\".\";s:2:\"zh\";s:45:\"\";s:2:\"hu\";s:62:\"Globlis vltozk kezelse a hozzfrshez, brhonnan.\";s:2:\"se\";s:66:\"Hantera globala variabler som kan avndas ver hela webbplatsen.\";}',0,0,1,'content',1,1,1,1366062657);
insert  into `default_modules`(`id`,`name`,`slug`,`version`,`type`,`description`,`skip_xss`,`is_frontend`,`is_backend`,`menu`,`enabled`,`installed`,`is_core`,`updated_on`) values (20,'a:20:{s:2:\"en\";s:7:\"Widgets\";s:2:\"ar\";s:12:\"\";s:2:\"br\";s:7:\"Widgets\";s:2:\"pt\";s:7:\"Widgets\";s:2:\"cs\";s:7:\"Widgety\";s:2:\"de\";s:7:\"Widgets\";s:2:\"el\";s:7:\"Widgets\";s:2:\"es\";s:7:\"Widgets\";s:2:\"fi\";s:8:\"Widgetit\";s:2:\"fr\";s:7:\"Widgets\";s:2:\"id\";s:6:\"Widget\";s:2:\"it\";s:7:\"Widgets\";s:2:\"lt\";s:11:\"Papildiniai\";s:2:\"nl\";s:7:\"Widgets\";s:2:\"ru\";s:14:\"\";s:2:\"sl\";s:9:\"Vtiniki\";s:2:\"zh\";s:9:\"\";s:2:\"hu\";s:9:\"Widget-ek\";s:2:\"th\";s:21:\"\";s:2:\"se\";s:8:\"Widgetar\";}','widgets','1.1',NULL,'a:21:{s:2:\"en\";s:69:\"Manage small sections of self-contained logic in blocks or \"Widgets\".\";s:2:\"ar\";s:138:\"           \"\".\";s:2:\"br\";s:77:\"Gerenciar pequenas sees de contedos em bloco conhecidos como \"Widgets\".\";s:2:\"pt\";s:74:\"Gerir pequenas seces de contedos em bloco conhecidos como \"Widgets\".\";s:2:\"cs\";s:56:\"Spravujte mal funkn sti webu neboli \"Widgety\".\";s:2:\"da\";s:74:\"Hndter sm sektioner af selv-opretholdt logik i blokke eller \"Widgets\".\";s:2:\"de\";s:62:\"Verwaltet kleine, eigentstndige Bereiche, genannt \"Widgets\".\";s:2:\"el\";s:149:\"         \"Widgets\".\";s:2:\"es\";s:75:\"Manejar pequeas secciones de lgica autocontenida en bloques o \"Widgets\"\";s:2:\"fi\";s:83:\"Hallitse pieni osioita, jotka sisltvt erillisi lohkoja tai \"Widgettej\".\";s:2:\"fr\";s:41:\"Grer des mini application ou \"Widgets\".\";s:2:\"id\";s:101:\"Mengatur bagian-bagian kecil dari blok-blok yang memuat sesuatu atau dikenal dengan istilah \"Widget\".\";s:2:\"it\";s:70:\"Gestisci piccole sezioni di logica a se stante in blocchi o \"Widgets\".\";s:2:\"lt\";s:43:\"Nedideli, savarankik blok valdymas.\";s:2:\"nl\";s:75:\"Beheer kleine onderdelen die zelfstandige logica bevatten, ofwel \"Widgets\".\";s:2:\"ru\";s:91:\" ,  .\";s:2:\"sl\";s:61:\"Urejanje manjih delov blokov strani ti. Vtiniki (Widgets)\";s:2:\"zh\";s:103:\" \"Widgets\"\";s:2:\"hu\";s:56:\"nll kis logikai tmbk vagy widget-ek kezelse.\";s:2:\"th\";s:152:\"  \";s:2:\"se\";s:83:\"Hantera sm sektioner med egen logik och innehll p olika delar av webbplatsen.\";}',1,0,1,'content',1,1,1,1366062657);
insert  into `default_modules`(`id`,`name`,`slug`,`version`,`type`,`description`,`skip_xss`,`is_frontend`,`is_backend`,`menu`,`enabled`,`installed`,`is_core`,`updated_on`) values (21,'a:3:{s:2:\"en\";s:7:\"WYSIWYG\";s:2:\"pt\";s:7:\"WYSIWYG\";s:2:\"se\";s:15:\"HTML-redigerare\";}','wysiwyg','1.0',NULL,'a:4:{s:2:\"en\";s:60:\"Provides the WYSIWYG editor for PyroCMS powered by CKEditor.\";s:2:\"pt\";s:61:\"Fornece o editor WYSIWYG para o PyroCMS, powered by CKEditor.\";s:2:\"el\";s:113:\"   WYSIWYG   PyroCMS,   CKEDitor.\";s:2:\"se\";s:37:\"Redigeringsmodul fr HTML, CKEditor.\";}',0,0,0,'0',1,1,1,1366062657);
insert  into `default_modules`(`id`,`name`,`slug`,`version`,`type`,`description`,`skip_xss`,`is_frontend`,`is_backend`,`menu`,`enabled`,`installed`,`is_core`,`updated_on`) values (22,'a:1:{s:2:\"es\";s:10:\"Hola Mundo\";}','helloworld','1.0',NULL,'a:1:{s:2:\"es\";s:30:\"Este es el mdulo Hola Mundo.\";}',0,0,1,'tablas',0,1,1,1366062657);
insert  into `default_modules`(`id`,`name`,`slug`,`version`,`type`,`description`,`skip_xss`,`is_frontend`,`is_backend`,`menu`,`enabled`,`installed`,`is_core`,`updated_on`) values (24,'a:1:{s:2:\"en\";s:6:\"Sample\";}','sample','2.1',NULL,'a:1:{s:2:\"en\";s:32:\"This is a PyroCMS module sample.\";}',0,1,1,'content',0,0,0,1358961667);
insert  into `default_modules`(`id`,`name`,`slug`,`version`,`type`,`description`,`skip_xss`,`is_frontend`,`is_backend`,`menu`,`enabled`,`installed`,`is_core`,`updated_on`) values (48,'a:1:{s:2:\"es\";s:10:\"Tipo video\";}','tipovideo','1.0',NULL,'a:1:{s:2:\"es\";s:30:\"Este es el mdulo Tipo video.\";}',0,0,1,'tablas',0,0,0,1366062657);
insert  into `default_modules`(`id`,`name`,`slug`,`version`,`type`,`description`,`skip_xss`,`is_frontend`,`is_backend`,`menu`,`enabled`,`installed`,`is_core`,`updated_on`) values (33,'a:1:{s:2:\"es\";s:7:\"Canales\";}','canal','1.0',NULL,'a:1:{s:2:\"es\";s:23:\"Canales de televisin.\";}',1,0,1,'1',1,1,0,1359416071);
insert  into `default_modules`(`id`,`name`,`slug`,`version`,`type`,`description`,`skip_xss`,`is_frontend`,`is_backend`,`menu`,`enabled`,`installed`,`is_core`,`updated_on`) values (43,'a:1:{s:2:\"es\";s:7:\"Canales\";}','canales','1.0',NULL,'a:1:{s:2:\"es\";s:23:\"Canales de televisin.\";}',1,0,1,'1',1,1,0,1366062657);
insert  into `default_modules`(`id`,`name`,`slug`,`version`,`type`,`description`,`skip_xss`,`is_frontend`,`is_backend`,`menu`,`enabled`,`installed`,`is_core`,`updated_on`) values (44,'a:1:{s:2:\"es\";s:6:\"Videos\";}','videos','1.0',NULL,'a:1:{s:2:\"es\";s:15:\"Carga de Videos\";}',1,0,1,'false',1,1,0,1366062657);
insert  into `default_modules`(`id`,`name`,`slug`,`version`,`type`,`description`,`skip_xss`,`is_frontend`,`is_backend`,`menu`,`enabled`,`installed`,`is_core`,`updated_on`) values (49,'a:1:{s:2:\"es\";s:8:\"Portadas\";}','portadas','1.0',NULL,'a:1:{s:2:\"es\";s:8:\"Portadas\";}',1,0,1,'1',0,0,0,1366062657);
insert  into `default_modules`(`id`,`name`,`slug`,`version`,`type`,`description`,`skip_xss`,`is_frontend`,`is_backend`,`menu`,`enabled`,`installed`,`is_core`,`updated_on`) values (52,'a:1:{s:2:\"es\";s:7:\"Accesos\";}','accesos','1.0',NULL,'a:1:{s:2:\"es\";s:66:\"Controla qu usuarios pueden acceder a los canales especificados.\";}',0,0,1,'0',1,1,0,1367602947);

/*Data for the table `default_navigation_groups` */

insert  into `default_navigation_groups`(`id`,`title`,`abbrev`) values (1,'Header','header');
insert  into `default_navigation_groups`(`id`,`title`,`abbrev`) values (2,'Sidebar','sidebar');
insert  into `default_navigation_groups`(`id`,`title`,`abbrev`) values (3,'Footer','footer');

/*Data for the table `default_navigation_links` */

insert  into `default_navigation_links`(`id`,`title`,`parent`,`link_type`,`page_id`,`module_name`,`url`,`uri`,`navigation_group_id`,`position`,`target`,`restricted_to`,`class`) values (1,'Home',0,'page',1,'','','',1,0,NULL,NULL,'');
insert  into `default_navigation_links`(`id`,`title`,`parent`,`link_type`,`page_id`,`module_name`,`url`,`uri`,`navigation_group_id`,`position`,`target`,`restricted_to`,`class`) values (2,'Blog',0,'module',NULL,'blog','','',1,1,NULL,NULL,'');
insert  into `default_navigation_links`(`id`,`title`,`parent`,`link_type`,`page_id`,`module_name`,`url`,`uri`,`navigation_group_id`,`position`,`target`,`restricted_to`,`class`) values (3,'Contact',0,'page',3,'','','',1,2,NULL,NULL,'');

/*Data for the table `default_page_chunks` */

insert  into `default_page_chunks`(`id`,`slug`,`class`,`page_id`,`body`,`parsed`,`type`,`sort`) values (1,'default','',1,'<p>Welcome to our homepage. We have not quite finished setting up our website yet, but please add us to your bookmarks and come back soon.</p>','','wysiwyg-advanced',1);
insert  into `default_page_chunks`(`id`,`slug`,`class`,`page_id`,`body`,`parsed`,`type`,`sort`) values (2,'default','',2,'<p>We cannot find the page you are looking for, please click <a title=\"Home\" href=\"{{ pages:url id=\'1\' }}\">here</a> to go to the homepage.</p>','','html',1);
insert  into `default_page_chunks`(`id`,`slug`,`class`,`page_id`,`body`,`parsed`,`type`,`sort`) values (3,'default','',3,'<p>To contact us please fill out the form below.</p>\n          {{ contact:form name=\"text|required\" email=\"text|required|valid_email\" subject=\"dropdown|Support|Sales|Feedback|Other\" message=\"textarea\" attachment=\"file|zip\" }}\n            <div><label for=\"name\">Name:</label>{{ name }}</div>\n            <div><label for=\"email\">Email:</label>{{ email }}</div>\n           <div><label for=\"subject\">Subject:</label>{{ subject }}</div>\n           <div><label for=\"message\">Message:</label>{{ message }}</div>\n           <div><label for=\"attachment\">Attach  a zip file:</label>{{ attachment }}</div>\n          {{ /contact:form }}','','html',1);

/*Data for the table `default_page_layouts` */

insert  into `default_page_layouts`(`id`,`title`,`body`,`css`,`js`,`theme_layout`,`updated_on`) values (1,'Default','<h2>{{ page:title }}</h2>\n{{ page:body }}','','','default',1358180064);

/*Data for the table `default_pages` */

insert  into `default_pages`(`id`,`slug`,`class`,`title`,`uri`,`parent_id`,`revision_id`,`layout_id`,`css`,`js`,`meta_title`,`meta_keywords`,`meta_description`,`rss_enabled`,`comments_enabled`,`status`,`created_on`,`updated_on`,`restricted_to`,`is_home`,`strict_uri`,`order`) values (1,'home','','Home','home',0,'1','1',NULL,NULL,NULL,NULL,NULL,0,0,'live',1358180065,0,'',1,1,0);
insert  into `default_pages`(`id`,`slug`,`class`,`title`,`uri`,`parent_id`,`revision_id`,`layout_id`,`css`,`js`,`meta_title`,`meta_keywords`,`meta_description`,`rss_enabled`,`comments_enabled`,`status`,`created_on`,`updated_on`,`restricted_to`,`is_home`,`strict_uri`,`order`) values (2,'404','','Page missing','404',0,'1','1',NULL,NULL,NULL,NULL,NULL,0,0,'live',1358180065,0,'',0,1,1);
insert  into `default_pages`(`id`,`slug`,`class`,`title`,`uri`,`parent_id`,`revision_id`,`layout_id`,`css`,`js`,`meta_title`,`meta_keywords`,`meta_description`,`rss_enabled`,`comments_enabled`,`status`,`created_on`,`updated_on`,`restricted_to`,`is_home`,`strict_uri`,`order`) values (3,'contact','','Contact','contact',0,'1','1',NULL,NULL,NULL,NULL,NULL,0,0,'live',1358180065,0,'',0,1,2);

/*Data for the table `default_permissions` */

insert  into `default_permissions`(`id`,`group_id`,`module`,`roles`) values (33,1,'files','{\"wysiwyg\":\"1\",\"upload\":\"1\",\"download_file\":\"1\",\"edit_file\":\"1\",\"delete_file\":\"1\",\"create_folder\":\"1\",\"set_location\":\"1\",\"synchronize\":\"1\",\"edit_folder\":\"1\",\"delete_folder\":\"1\"}');
insert  into `default_permissions`(`id`,`group_id`,`module`,`roles`) values (34,1,'blog','{\"put_live\":\"1\",\"edit_live\":\"1\",\"delete_live\":\"1\"}');
insert  into `default_permissions`(`id`,`group_id`,`module`,`roles`) values (35,1,'canales','{\"put_live\":\"1\",\"edit_live\":\"1\",\"delete_live\":\"1\"}');
insert  into `default_permissions`(`id`,`group_id`,`module`,`roles`) values (36,1,'comments',NULL);
insert  into `default_permissions`(`id`,`group_id`,`module`,`roles`) values (37,1,'settings',NULL);
insert  into `default_permissions`(`id`,`group_id`,`module`,`roles`) values (38,1,'groups',NULL);
insert  into `default_permissions`(`id`,`group_id`,`module`,`roles`) values (39,1,'helloworld',NULL);
insert  into `default_permissions`(`id`,`group_id`,`module`,`roles`) values (40,1,'keywords',NULL);
insert  into `default_permissions`(`id`,`group_id`,`module`,`roles`) values (41,1,'maintenance',NULL);
insert  into `default_permissions`(`id`,`group_id`,`module`,`roles`) values (42,1,'modules',NULL);
insert  into `default_permissions`(`id`,`group_id`,`module`,`roles`) values (43,1,'navigation',NULL);
insert  into `default_permissions`(`id`,`group_id`,`module`,`roles`) values (44,1,'permissions',NULL);
insert  into `default_permissions`(`id`,`group_id`,`module`,`roles`) values (45,1,'templates',NULL);
insert  into `default_permissions`(`id`,`group_id`,`module`,`roles`) values (46,1,'pages','{\"put_live\":\"1\",\"edit_live\":\"1\",\"delete_live\":\"1\"}');
insert  into `default_permissions`(`id`,`group_id`,`module`,`roles`) values (47,1,'redirects',NULL);
insert  into `default_permissions`(`id`,`group_id`,`module`,`roles`) values (48,1,'themes',NULL);
insert  into `default_permissions`(`id`,`group_id`,`module`,`roles`) values (49,1,'tipovideo',NULL);
insert  into `default_permissions`(`id`,`group_id`,`module`,`roles`) values (50,1,'users','{\"admin_profile_fields\":\"1\"}');
insert  into `default_permissions`(`id`,`group_id`,`module`,`roles`) values (51,1,'variables',NULL);
insert  into `default_permissions`(`id`,`group_id`,`module`,`roles`) values (52,1,'widgets',NULL);
insert  into `default_permissions`(`id`,`group_id`,`module`,`roles`) values (63,2,'canales','{\"put_live\":\"1\",\"edit_live\":\"1\",\"delete_live\":\"1\"}');
insert  into `default_permissions`(`id`,`group_id`,`module`,`roles`) values (64,2,'pages',NULL);
insert  into `default_permissions`(`id`,`group_id`,`module`,`roles`) values (65,2,'users',NULL);
insert  into `default_permissions`(`id`,`group_id`,`module`,`roles`) values (77,4,'canales',NULL);
insert  into `default_permissions`(`id`,`group_id`,`module`,`roles`) values (78,4,'videos',NULL);
insert  into `default_permissions`(`id`,`group_id`,`module`,`roles`) values (79,3,'blog','{\"put_live\":\"1\",\"edit_live\":\"1\",\"delete_live\":\"1\"}');
insert  into `default_permissions`(`id`,`group_id`,`module`,`roles`) values (80,3,'canales',NULL);
insert  into `default_permissions`(`id`,`group_id`,`module`,`roles`) values (81,3,'keywords',NULL);
insert  into `default_permissions`(`id`,`group_id`,`module`,`roles`) values (82,3,'users','{\"admin_profile_fields\":\"1\"}');

/*Data for the table `default_profiles` */

insert  into `default_profiles`(`id`,`created`,`updated`,`created_by`,`ordering_count`,`user_id`,`display_name`,`first_name`,`last_name`,`company`,`lang`,`bio`,`dob`,`gender`,`phone`,`mobile`,`address_line1`,`address_line2`,`address_line3`,`postcode`,`website`,`updated_on`) values (1,NULL,NULL,NULL,NULL,1,'Admin','Mi Canal','Mi Canal',NULL,'es',NULL,0,'',NULL,NULL,NULL,NULL,NULL,NULL,NULL,1366480250);

/*Data for the table `default_redirects` */

/*Data for the table `default_settings` */

insert  into `default_settings`(`slug`,`title`,`description`,`type`,`default`,`value`,`options`,`is_required`,`is_gui`,`module`,`order`) values ('activation_email','Activation Email','Send out an e-mail with an activation link when a user signs up. Disable this so that admins must manually activate each account.','radio','1','','1=Enabled|0=Disabled',0,1,'users',961);
insert  into `default_settings`(`slug`,`title`,`description`,`type`,`default`,`value`,`options`,`is_required`,`is_gui`,`module`,`order`) values ('addons_upload','Addons Upload Permissions','Keeps mere admins from uploading addons by default','text','0','1','',1,0,'',0);
insert  into `default_settings`(`slug`,`title`,`description`,`type`,`default`,`value`,`options`,`is_required`,`is_gui`,`module`,`order`) values ('admin_force_https','Force HTTPS for Control Panel?','Allow only the HTTPS protocol when using the Control Panel?','radio','0','','1=Yes|0=No',1,1,'',0);
insert  into `default_settings`(`slug`,`title`,`description`,`type`,`default`,`value`,`options`,`is_required`,`is_gui`,`module`,`order`) values ('admin_theme','Control Panel Theme','Select the theme for the control panel.','','','pyrocms','func:get_themes',1,0,'',0);
insert  into `default_settings`(`slug`,`title`,`description`,`type`,`default`,`value`,`options`,`is_required`,`is_gui`,`module`,`order`) values ('akismet_api_key','Akismet API Key','Akismet is a spam-blocker from the WordPress team. It keeps spam under control without forcing users to get past human-checking CAPTCHA forms.','text','','','',0,1,'integration',981);
insert  into `default_settings`(`slug`,`title`,`description`,`type`,`default`,`value`,`options`,`is_required`,`is_gui`,`module`,`order`) values ('api_enabled','API Enabled','Allow API access to all modules which have an API controller.','select','0','0','0=Disabled|1=Enabled',0,0,'api',0);
insert  into `default_settings`(`slug`,`title`,`description`,`type`,`default`,`value`,`options`,`is_required`,`is_gui`,`module`,`order`) values ('api_user_keys','API User Keys','Allow users to sign up for API keys (if the API is Enabled).','select','0','0','0=Disabled|1=Enabled',0,0,'api',0);
insert  into `default_settings`(`slug`,`title`,`description`,`type`,`default`,`value`,`options`,`is_required`,`is_gui`,`module`,`order`) values ('auto_username','Auto Username','Create the username automatically, meaning users can skip making one on registration.','radio','1','','1=Enabled|0=Disabled',0,1,'users',964);
insert  into `default_settings`(`slug`,`title`,`description`,`type`,`default`,`value`,`options`,`is_required`,`is_gui`,`module`,`order`) values ('cdn_domain','CDN Domain','CDN domains allow you to offload static content to various edge servers, like Amazon CloudFront or MaxCDN.','text','','','',0,1,'integration',1000);
insert  into `default_settings`(`slug`,`title`,`description`,`type`,`default`,`value`,`options`,`is_required`,`is_gui`,`module`,`order`) values ('ckeditor_config','CKEditor Config','You can find a list of valid configuration items in <a target=\"_blank\" href=\"http://docs.cksource.com/ckeditor_api/symbols/CKEDITOR.config.html\">CKEditor\'s documentation.</a>','textarea','','{{# this is a wysiwyg-simple editor customized for the blog module (it allows images to be inserted) #}}\n$(\'textarea.blog.wysiwyg-simple\').ckeditor({\n  toolbar: [\n    [\'pyroimages\'],\n   [\'Bold\', \'Italic\', \'-\', \'NumberedList\', \'BulletedList\', \'-\', \'Link\', \'Unlink\']\n    ],\n  extraPlugins: \'pyroimages\',\n width: \'99%\',\n height: 100,\n  dialog_backgroundCoverColor: \'#000\',\n  defaultLanguage: \'{{ helper:config item=\"default_language\" }}\',\n language: \'{{ global:current_language }}\'\n});\n\n{{# this is the config for all wysiwyg-simple textareas #}}\n$(\'textarea.wysiwyg-simple\').ckeditor({\n  toolbar: [\n    [\'Bold\', \'Italic\', \'-\', \'NumberedList\', \'BulletedList\', \'-\', \'Link\', \'Unlink\']\n    ],\n  width: \'99%\',\n height: 100,\n  dialog_backgroundCoverColor: \'#000\',\n  defaultLanguage: \'{{ helper:config item=\"default_language\" }}\',\n language: \'{{ global:current_language }}\'\n});\n\n{{# and this is the advanced editor #}}\n$(\'textarea.wysiwyg-advanced\').ckeditor({\n  toolbar: [\n    [\'Maximize\'],\n   [\'pyroimages\', \'pyrofiles\'],\n    [\'Cut\',\'Copy\',\'Paste\',\'PasteFromWord\'],\n   [\'Undo\',\'Redo\',\'-\',\'Find\',\'Replace\'],\n   [\'Link\',\'Unlink\'],\n    [\'Table\',\'HorizontalRule\',\'SpecialChar\'],\n   [\'Bold\',\'Italic\',\'StrikeThrough\'],\n    [\'JustifyLeft\',\'JustifyCenter\',\'JustifyRight\',\'JustifyBlock\',\'-\',\'BidiLtr\',\'BidiRtl\'],\n    [\'Format\', \'FontSize\', \'Subscript\',\'Superscript\', \'NumberedList\',\'BulletedList\',\'Outdent\',\'Indent\',\'Blockquote\'],\n   [\'ShowBlocks\', \'RemoveFormat\', \'Source\']\n  ],\n  extraPlugins: \'pyroimages,pyrofiles\',\n width: \'99%\',\n height: 400,\n  dialog_backgroundCoverColor: \'#000\',\n  removePlugins: \'elementspath\',\n  defaultLanguage: \'{{ helper:config item=\"default_language\" }}\',\n language: \'{{ global:current_language }}\'\n});','',1,1,'wysiwyg',993);
insert  into `default_settings`(`slug`,`title`,`description`,`type`,`default`,`value`,`options`,`is_required`,`is_gui`,`module`,`order`) values ('comment_markdown','Allow Markdown','Do you want to allow visitors to post comments using Markdown?','select','0','0','0=Text Only|1=Allow Markdown',1,1,'comments',965);
insert  into `default_settings`(`slug`,`title`,`description`,`type`,`default`,`value`,`options`,`is_required`,`is_gui`,`module`,`order`) values ('comment_order','Comment Order','Sort order in which to display comments.','select','ASC','ASC','ASC=Oldest First|DESC=Newest First',1,1,'comments',966);
insert  into `default_settings`(`slug`,`title`,`description`,`type`,`default`,`value`,`options`,`is_required`,`is_gui`,`module`,`order`) values ('contact_email','Contact E-mail','All e-mails from users, guests and the site will go to this e-mail address.','text','glopez@idigital.pe','','',1,1,'email',979);
insert  into `default_settings`(`slug`,`title`,`description`,`type`,`default`,`value`,`options`,`is_required`,`is_gui`,`module`,`order`) values ('currency','Currency','The currency symbol for use on products, services, etc.','text','&pound;','','',1,1,'',994);
insert  into `default_settings`(`slug`,`title`,`description`,`type`,`default`,`value`,`options`,`is_required`,`is_gui`,`module`,`order`) values ('dashboard_rss','Dashboard RSS Feed','Link to an RSS feed that will be displayed on the dashboard.','text','https://www.pyrocms.com/blog/rss/all.rss','','',0,1,'',990);
insert  into `default_settings`(`slug`,`title`,`description`,`type`,`default`,`value`,`options`,`is_required`,`is_gui`,`module`,`order`) values ('dashboard_rss_count','Dashboard RSS Items','How many RSS items would you like to display on the dashboard?','text','5','5','',1,1,'',989);
insert  into `default_settings`(`slug`,`title`,`description`,`type`,`default`,`value`,`options`,`is_required`,`is_gui`,`module`,`order`) values ('date_format','Date Format','How should dates be displayed across the website and control panel? Using the <a target=\"_blank\" href=\"http://php.net/manual/en/function.date.php\">date format</a> from PHP - OR - Using the format of <a target=\"_blank\" href=\"http://php.net/manual/en/function.strftime.php\">strings formatted as date</a> from PHP.','text','Y-m-d','','',1,1,'',995);
insert  into `default_settings`(`slug`,`title`,`description`,`type`,`default`,`value`,`options`,`is_required`,`is_gui`,`module`,`order`) values ('default_theme','Default Theme','Select the theme you want users to see by default.','','default','default','func:get_themes',1,0,'',0);
insert  into `default_settings`(`slug`,`title`,`description`,`type`,`default`,`value`,`options`,`is_required`,`is_gui`,`module`,`order`) values ('enable_comments','Enable Comments','Enable comments.','radio','1','1','1=Enabled|0=Disabled',1,1,'comments',968);
insert  into `default_settings`(`slug`,`title`,`description`,`type`,`default`,`value`,`options`,`is_required`,`is_gui`,`module`,`order`) values ('enable_profiles','Enable profiles','Allow users to add and edit profiles.','radio','1','','1=Enabled|0=Disabled',1,1,'users',963);
insert  into `default_settings`(`slug`,`title`,`description`,`type`,`default`,`value`,`options`,`is_required`,`is_gui`,`module`,`order`) values ('enable_registration','Enable user registration','Allow users to register in your site.','radio','1','','1=Enabled|0=Disabled',0,1,'users',961);
insert  into `default_settings`(`slug`,`title`,`description`,`type`,`default`,`value`,`options`,`is_required`,`is_gui`,`module`,`order`) values ('files_cache','Files Cache','When outputting an image via site.com/files what shall we set the cache expiration for?','select','480','480','0=no-cache|1=1-minute|60=1-hour|180=3-hour|480=8-hour|1440=1-day|43200=30-days',1,1,'files',986);
insert  into `default_settings`(`slug`,`title`,`description`,`type`,`default`,`value`,`options`,`is_required`,`is_gui`,`module`,`order`) values ('files_cf_api_key','Rackspace Cloud Files API Key','You also must provide your Cloud Files API Key. You will find it at the same location as your Username in your Rackspace account.','text','','','',0,1,'files',989);
insert  into `default_settings`(`slug`,`title`,`description`,`type`,`default`,`value`,`options`,`is_required`,`is_gui`,`module`,`order`) values ('files_cf_username','Rackspace Cloud Files Username','To enable cloud file storage in your Rackspace Cloud Files account please enter your Cloud Files Username. <a href=\"https://manage.rackspacecloud.com/APIAccess.do\">Find your credentials</a>','text','','','',0,1,'files',990);
insert  into `default_settings`(`slug`,`title`,`description`,`type`,`default`,`value`,`options`,`is_required`,`is_gui`,`module`,`order`) values ('files_enabled_providers','Enabled File Storage Providers','Which file storage providers do you want to enable? (If you enable a cloud provider you must provide valid auth keys below','checkbox','0','0','amazon-s3=Amazon S3|rackspace-cf=Rackspace Cloud Files',0,1,'files',994);
insert  into `default_settings`(`slug`,`title`,`description`,`type`,`default`,`value`,`options`,`is_required`,`is_gui`,`module`,`order`) values ('files_s3_access_key','Amazon S3 Access Key','To enable cloud file storage in your Amazon S3 account provide your Access Key. <a href=\"https://aws-portal.amazon.com/gp/aws/securityCredentials#access_credentials\">Find your credentials</a>','text','','','',0,1,'files',993);
insert  into `default_settings`(`slug`,`title`,`description`,`type`,`default`,`value`,`options`,`is_required`,`is_gui`,`module`,`order`) values ('files_s3_geographic_location','Amazon S3 Geographic Location','Either US or EU. If you change this you must also change the S3 URL.','radio','US','US','US=United States|EU=Europe',1,1,'files',991);
insert  into `default_settings`(`slug`,`title`,`description`,`type`,`default`,`value`,`options`,`is_required`,`is_gui`,`module`,`order`) values ('files_s3_secret_key','Amazon S3 Secret Key','You also must provide your Amazon S3 Secret Key. You will find it at the same location as your Access Key in your Amazon account.','text','','','',0,1,'files',992);
insert  into `default_settings`(`slug`,`title`,`description`,`type`,`default`,`value`,`options`,`is_required`,`is_gui`,`module`,`order`) values ('files_s3_url','Amazon S3 URL','Change this if using one of Amazon\'s EU locations or a custom domain.','text','http://{{ bucket }}.s3.amazonaws.com/','http://{{ bucket }}.s3.amazonaws.com/','',0,1,'files',991);
insert  into `default_settings`(`slug`,`title`,`description`,`type`,`default`,`value`,`options`,`is_required`,`is_gui`,`module`,`order`) values ('files_upload_limit','Filesize Limit','Maximum filesize to allow when uploading. Specify the size in MB. Example: 5','text','5','5','',1,1,'files',987);
insert  into `default_settings`(`slug`,`title`,`description`,`type`,`default`,`value`,`options`,`is_required`,`is_gui`,`module`,`order`) values ('frontend_enabled','Site Status','Use this option to the user-facing part of the site on or off. Useful when you want to take the site down for maintenance.','radio','1','1','1=Open|0=Closed',1,1,'',988);
insert  into `default_settings`(`slug`,`title`,`description`,`type`,`default`,`value`,`options`,`is_required`,`is_gui`,`module`,`order`) values ('ga_email','Google Analytic E-mail','E-mail address used for Google Analytics, we need this to show the graph on the dashboard.','text','','','',0,1,'integration',983);
insert  into `default_settings`(`slug`,`title`,`description`,`type`,`default`,`value`,`options`,`is_required`,`is_gui`,`module`,`order`) values ('ga_password','Google Analytic Password','This is also needed this to show the graph on the dashboard.','password','','','',0,1,'integration',982);
insert  into `default_settings`(`slug`,`title`,`description`,`type`,`default`,`value`,`options`,`is_required`,`is_gui`,`module`,`order`) values ('ga_profile','Google Analytic Profile ID','Profile ID for this website in Google Analytics','text','','','',0,1,'integration',984);
insert  into `default_settings`(`slug`,`title`,`description`,`type`,`default`,`value`,`options`,`is_required`,`is_gui`,`module`,`order`) values ('ga_tracking','Google Tracking Code','Enter your Google Analytic Tracking Code to activate Google Analytics view data capturing. E.g: UA-19483569-6','text','','','',0,1,'integration',985);
insert  into `default_settings`(`slug`,`title`,`description`,`type`,`default`,`value`,`options`,`is_required`,`is_gui`,`module`,`order`) values ('mail_protocol','Mail Protocol','Select desired email protocol.','select','mail','mail','mail=Mail|sendmail=Sendmail|smtp=SMTP',1,1,'email',977);
insert  into `default_settings`(`slug`,`title`,`description`,`type`,`default`,`value`,`options`,`is_required`,`is_gui`,`module`,`order`) values ('mail_sendmail_path','Sendmail Path','Path to server sendmail binary.','text','','','',0,1,'email',972);
insert  into `default_settings`(`slug`,`title`,`description`,`type`,`default`,`value`,`options`,`is_required`,`is_gui`,`module`,`order`) values ('mail_smtp_host','SMTP Host Name','The host name of your smtp server.','text','','','',0,1,'email',976);
insert  into `default_settings`(`slug`,`title`,`description`,`type`,`default`,`value`,`options`,`is_required`,`is_gui`,`module`,`order`) values ('mail_smtp_pass','SMTP password','SMTP password.','password','','','',0,1,'email',975);
insert  into `default_settings`(`slug`,`title`,`description`,`type`,`default`,`value`,`options`,`is_required`,`is_gui`,`module`,`order`) values ('mail_smtp_port','SMTP Port','SMTP port number.','text','','','',0,1,'email',974);
insert  into `default_settings`(`slug`,`title`,`description`,`type`,`default`,`value`,`options`,`is_required`,`is_gui`,`module`,`order`) values ('mail_smtp_user','SMTP User Name','SMTP user name.','text','','','',0,1,'email',973);
insert  into `default_settings`(`slug`,`title`,`description`,`type`,`default`,`value`,`options`,`is_required`,`is_gui`,`module`,`order`) values ('meta_topic','Meta Topic','Two or three words describing this type of company/website.','text','Content Management','Add your slogan here','',0,1,'',998);
insert  into `default_settings`(`slug`,`title`,`description`,`type`,`default`,`value`,`options`,`is_required`,`is_gui`,`module`,`order`) values ('moderate_comments','Moderate Comments','Force comments to be approved before they appear on the site.','radio','1','1','1=Enabled|0=Disabled',1,1,'comments',967);
insert  into `default_settings`(`slug`,`title`,`description`,`type`,`default`,`value`,`options`,`is_required`,`is_gui`,`module`,`order`) values ('records_per_page','Records Per Page','How many records should we show per page in the admin section?','select','25','','10=10|25=25|50=50|100=100',1,1,'',992);
insert  into `default_settings`(`slug`,`title`,`description`,`type`,`default`,`value`,`options`,`is_required`,`is_gui`,`module`,`order`) values ('registered_email','User Registered Email','Send a notification email to the contact e-mail when someone registers.','radio','1','','1=Enabled|0=Disabled',0,1,'users',962);
insert  into `default_settings`(`slug`,`title`,`description`,`type`,`default`,`value`,`options`,`is_required`,`is_gui`,`module`,`order`) values ('require_lastname','Require last names?','For some situations, a last name may not be required. Do you want to force users to enter one or not?','radio','1','','1=Required|0=Optional',1,1,'users',962);
insert  into `default_settings`(`slug`,`title`,`description`,`type`,`default`,`value`,`options`,`is_required`,`is_gui`,`module`,`order`) values ('rss_feed_items','Feed item count','How many items should we show in RSS/blog feeds?','select','25','','10=10|25=25|50=50|100=100',1,1,'',991);
insert  into `default_settings`(`slug`,`title`,`description`,`type`,`default`,`value`,`options`,`is_required`,`is_gui`,`module`,`order`) values ('server_email','Server E-mail','All e-mails to users will come from this e-mail address.','text','admin@localhost','','',1,1,'email',978);
insert  into `default_settings`(`slug`,`title`,`description`,`type`,`default`,`value`,`options`,`is_required`,`is_gui`,`module`,`order`) values ('site_lang','Site Language','The native language of the website, used to choose templates of e-mail notifications, contact form, and other features that should not depend on the language of a user.','select','en','es','func:get_supported_lang',1,1,'',997);
insert  into `default_settings`(`slug`,`title`,`description`,`type`,`default`,`value`,`options`,`is_required`,`is_gui`,`module`,`order`) values ('site_name','Site Name','The name of the website for page titles and for use around the site.','text','Un-named Website','Admin - Mi Canal','',1,1,'',1000);
insert  into `default_settings`(`slug`,`title`,`description`,`type`,`default`,`value`,`options`,`is_required`,`is_gui`,`module`,`order`) values ('site_public_lang','Public Languages','Which are the languages really supported and offered on the front-end of your website?','checkbox','en','en,es','func:get_supported_lang',1,1,'',996);
insert  into `default_settings`(`slug`,`title`,`description`,`type`,`default`,`value`,`options`,`is_required`,`is_gui`,`module`,`order`) values ('site_slogan','Site Slogan','The slogan of the website for page titles and for use around the site','text','','S se puede!','',0,1,'',999);
insert  into `default_settings`(`slug`,`title`,`description`,`type`,`default`,`value`,`options`,`is_required`,`is_gui`,`module`,`order`) values ('twitter_cache','Cache time','How many minutes should your Tweets be stored?','text','300','','',0,1,'twitter',969);
insert  into `default_settings`(`slug`,`title`,`description`,`type`,`default`,`value`,`options`,`is_required`,`is_gui`,`module`,`order`) values ('twitter_feed_count','Feed Count','How many tweets should be returned to the Twitter feed block?','text','5','','',0,1,'twitter',970);
insert  into `default_settings`(`slug`,`title`,`description`,`type`,`default`,`value`,`options`,`is_required`,`is_gui`,`module`,`order`) values ('twitter_username','Username','Twitter username.','text','','','',0,1,'twitter',971);
insert  into `default_settings`(`slug`,`title`,`description`,`type`,`default`,`value`,`options`,`is_required`,`is_gui`,`module`,`order`) values ('unavailable_message','Unavailable Message','When the site is turned off or there is a major problem, this message will show to users.','textarea','Sorry, this website is currently unavailable.','','',0,1,'',987);

/*Data for the table `default_theme_options` */

insert  into `default_theme_options`(`id`,`slug`,`title`,`description`,`type`,`default`,`value`,`options`,`is_required`,`theme`) values (1,'pyrocms_recent_comments','Recent Comments','Would you like to display recent comments on the dashboard?','radio','yes','yes','yes=Yes|no=No',1,'pyrocms');
insert  into `default_theme_options`(`id`,`slug`,`title`,`description`,`type`,`default`,`value`,`options`,`is_required`,`theme`) values (2,'pyrocms_news_feed','News Feed','Would you like to display the news feed on the dashboard?','radio','yes','yes','yes=Yes|no=No',1,'pyrocms');
insert  into `default_theme_options`(`id`,`slug`,`title`,`description`,`type`,`default`,`value`,`options`,`is_required`,`theme`) values (3,'pyrocms_quick_links','Quick Links','Would you like to display quick links on the dashboard?','radio','yes','yes','yes=Yes|no=No',1,'pyrocms');
insert  into `default_theme_options`(`id`,`slug`,`title`,`description`,`type`,`default`,`value`,`options`,`is_required`,`theme`) values (4,'pyrocms_analytics_graph','Analytics Graph','Would you like to display the graph on the dashboard?','radio','yes','yes','yes=Yes|no=No',1,'pyrocms');
insert  into `default_theme_options`(`id`,`slug`,`title`,`description`,`type`,`default`,`value`,`options`,`is_required`,`theme`) values (8,'background','Background','Choose the default background for the theme.','select','fabric','fabric','black=Black|fabric=Fabric|graph=Graph|leather=Leather|noise=Noise|texture=Texture',1,'base');
insert  into `default_theme_options`(`id`,`slug`,`title`,`description`,`type`,`default`,`value`,`options`,`is_required`,`theme`) values (9,'slider','Slider','Would you like to display the slider on the homepage?','radio','yes','yes','yes=Yes|no=No',1,'base');
insert  into `default_theme_options`(`id`,`slug`,`title`,`description`,`type`,`default`,`value`,`options`,`is_required`,`theme`) values (10,'color','Default Theme Color','This changes things like background color, link colors etc','select','pink','pink','red=Red|orange=Orange|yellow=Yellow|green=Green|blue=Blue|pink=Pink',1,'base');
insert  into `default_theme_options`(`id`,`slug`,`title`,`description`,`type`,`default`,`value`,`options`,`is_required`,`theme`) values (11,'show_breadcrumbs','Do you want to show breadcrumbs?','If selected it shows a string of breadcrumbs at the top of the page.','radio','yes','yes','yes=Yes|no=No',1,'base');
insert  into `default_theme_options`(`id`,`slug`,`title`,`description`,`type`,`default`,`value`,`options`,`is_required`,`theme`) values (12,'show_breadcrumbs','Show Breadcrumbs','Would you like to display breadcrumbs?','radio','yes','yes','yes=Yes|no=No',1,'default');
insert  into `default_theme_options`(`id`,`slug`,`title`,`description`,`type`,`default`,`value`,`options`,`is_required`,`theme`) values (13,'layout','Layout','Which type of layout shall we use?','select','2 column','2 column','2 column=Two Column|full-width=Full Width|full-width-home=Full Width Home Page',1,'default');
insert  into `default_theme_options`(`id`,`slug`,`title`,`description`,`type`,`default`,`value`,`options`,`is_required`,`theme`) values (14,'cufon_enabled','Use Cufon','Would you like to use Cufon for titles?','radio','yes','yes','yes=Yes|no=No',1,'default');

/*Data for the table `default_users` */

insert  into `default_users`(`id`,`email`,`password`,`salt`,`group_id`,`ip_address`,`active`,`activation_code`,`created_on`,`last_login`,`username`,`forgotten_password_code`,`remember_code`,`nombres`,`apellidos`,`direccion`,`telefono1`,`telefono2`,`dni`,`estado`,`fecha_registro`,`usuario_registro`,`fecha_actualizacion`,`usuario_actualizacion`) values (1,'admin@micanal.pe','af3db9ac2af64d73f892e481170f88d0d4e7e385','d1f2b',1,'',1,'',1358180061,1368715941,'admin',NULL,'ce9c6b0d53b3e3380b0837186942ae386728ee4b','Admin','Mi Canal',NULL,NULL,NULL,NULL,1,NULL,NULL,NULL,NULL);

/*Data for the table `default_variables` */

/*Data for the table `default_widget_areas` */

insert  into `default_widget_areas`(`id`,`slug`,`title`) values (1,'sidebar','Sidebar');

/*Data for the table `default_widget_instances` */

/*Data for the table `default_widgets` */

insert  into `default_widgets`(`id`,`slug`,`title`,`description`,`author`,`website`,`version`,`enabled`,`order`,`updated_on`) values (1,'google_maps','a:9:{s:2:\"en\";s:11:\"Google Maps\";s:2:\"el\";s:19:\" Google\";s:2:\"nl\";s:11:\"Google Maps\";s:2:\"br\";s:11:\"Google Maps\";s:2:\"pt\";s:11:\"Google Maps\";s:2:\"ru\";s:17:\" Google\";s:2:\"id\";s:11:\"Google Maps\";s:2:\"fi\";s:11:\"Google Maps\";s:2:\"fr\";s:11:\"Google Maps\";}','a:9:{s:2:\"en\";s:32:\"Display Google Maps on your site\";s:2:\"el\";s:78:\"   Google   \";s:2:\"nl\";s:27:\"Toon Google Maps in uw site\";s:2:\"br\";s:34:\"Mostra mapas do Google no seu site\";s:2:\"pt\";s:34:\"Mostra mapas do Google no seu site\";s:2:\"ru\";s:80:\"  Google    \";s:2:\"id\";s:37:\"Menampilkan Google Maps di Situs Anda\";s:2:\"fi\";s:39:\"Nyt Google Maps kartta sivustollasi\";s:2:\"fr\";s:42:\"Publiez un plan Google Maps sur votre site\";}','Gregory Athons','http://www.gregathons.com','1.0',1,1,1366212216);
insert  into `default_widgets`(`id`,`slug`,`title`,`description`,`author`,`website`,`version`,`enabled`,`order`,`updated_on`) values (2,'html','s:4:\"HTML\";','a:9:{s:2:\"en\";s:28:\"Create blocks of custom HTML\";s:2:\"el\";s:80:\"      HTML\";s:2:\"br\";s:41:\"Permite criar blocos de HTML customizados\";s:2:\"pt\";s:41:\"Permite criar blocos de HTML customizados\";s:2:\"nl\";s:30:\"Maak blokken met maatwerk HTML\";s:2:\"ru\";s:83:\" HTML-   \";s:2:\"id\";s:24:\"Membuat blok HTML apapun\";s:2:\"fi\";s:32:\"Luo lohkoja omasta HTML koodista\";s:2:\"fr\";s:36:\"Crez des blocs HTML personnaliss\";}','Phil Sturgeon','http://philsturgeon.co.uk/','1.0',1,2,1366212216);
insert  into `default_widgets`(`id`,`slug`,`title`,`description`,`author`,`website`,`version`,`enabled`,`order`,`updated_on`) values (3,'login','a:9:{s:2:\"en\";s:5:\"Login\";s:2:\"el\";s:14:\"\";s:2:\"nl\";s:5:\"Login\";s:2:\"br\";s:5:\"Login\";s:2:\"pt\";s:5:\"Login\";s:2:\"ru\";s:22:\"  \";s:2:\"id\";s:5:\"Login\";s:2:\"fi\";s:13:\"Kirjautuminen\";s:2:\"fr\";s:9:\"Connexion\";}','a:9:{s:2:\"en\";s:36:\"Display a simple login form anywhere\";s:2:\"el\";s:96:\"      \";s:2:\"br\";s:69:\"Permite colocar um formulrio de login em qualquer lugar do seu site\";s:2:\"pt\";s:69:\"Permite colocar um formulrio de login em qualquer lugar do seu site\";s:2:\"nl\";s:32:\"Toon overal een simpele loginbox\";s:2:\"ru\";s:72:\"      \";s:2:\"id\";s:32:\"Menampilkan form login sederhana\";s:2:\"fi\";s:52:\"Nyt yksinkertainen kirjautumislomake miss vain\";s:2:\"fr\";s:54:\"Affichez un formulaire de connexion o vous souhaitez\";}','Phil Sturgeon','http://philsturgeon.co.uk/','1.0',1,3,1366212216);
insert  into `default_widgets`(`id`,`slug`,`title`,`description`,`author`,`website`,`version`,`enabled`,`order`,`updated_on`) values (4,'navigation','a:9:{s:2:\"en\";s:10:\"Navigation\";s:2:\"el\";s:16:\"\";s:2:\"nl\";s:9:\"Navigatie\";s:2:\"br\";s:11:\"Navegao\";s:2:\"pt\";s:11:\"Navegao\";s:2:\"ru\";s:18:\"\";s:2:\"id\";s:8:\"Navigasi\";s:2:\"fi\";s:10:\"Navigaatio\";s:2:\"fr\";s:10:\"Navigation\";}','a:9:{s:2:\"en\";s:40:\"Display a navigation group with a widget\";s:2:\"el\";s:100:\"      \";s:2:\"nl\";s:38:\"Toon een navigatiegroep met een widget\";s:2:\"br\";s:62:\"Exibe um grupo de links de navegao como widget em seu site\";s:2:\"pt\";s:62:\"Exibe um grupo de links de navegao como widget no seu site\";s:2:\"ru\";s:88:\"    \";s:2:\"id\";s:44:\"Menampilkan grup navigasi menggunakan widget\";s:2:\"fi\";s:37:\"Nyt widgetill navigaatio ryhm\";s:2:\"fr\";s:47:\"Affichez un groupe de navigation dans un widget\";}','Phil Sturgeon','http://philsturgeon.co.uk/','1.2',1,4,1366212216);
insert  into `default_widgets`(`id`,`slug`,`title`,`description`,`author`,`website`,`version`,`enabled`,`order`,`updated_on`) values (5,'rss_feed','a:9:{s:2:\"en\";s:8:\"RSS Feed\";s:2:\"el\";s:24:\" RSS\";s:2:\"nl\";s:8:\"RSS Feed\";s:2:\"br\";s:8:\"Feed RSS\";s:2:\"pt\";s:8:\"Feed RSS\";s:2:\"ru\";s:31:\"  RSS\";s:2:\"id\";s:8:\"RSS Feed\";s:2:\"fi\";s:10:\"RSS Syte\";s:2:\"fr\";s:8:\"Flux RSS\";}','a:9:{s:2:\"en\";s:41:\"Display parsed RSS feeds on your websites\";s:2:\"el\";s:82:\"     RSS\";s:2:\"nl\";s:28:\"Toon RSS feeds op uw website\";s:2:\"br\";s:48:\"Interpreta e exibe qualquer feed RSS no seu site\";s:2:\"pt\";s:48:\"Interpreta e exibe qualquer feed RSS no seu site\";s:2:\"ru\";s:94:\"      \";s:2:\"id\";s:42:\"Menampilkan kutipan RSS feed di situs Anda\";s:2:\"fi\";s:39:\"Nyt purettu RSS syte sivustollasi\";s:2:\"fr\";s:39:\"Affichez un flux RSS sur votre site web\";}','Phil Sturgeon','http://philsturgeon.co.uk/','1.2',1,5,1366212216);
insert  into `default_widgets`(`id`,`slug`,`title`,`description`,`author`,`website`,`version`,`enabled`,`order`,`updated_on`) values (6,'social_bookmark','a:9:{s:2:\"en\";s:15:\"Social Bookmark\";s:2:\"el\";s:35:\" \";s:2:\"nl\";s:19:\"Sociale Bladwijzers\";s:2:\"br\";s:15:\"Social Bookmark\";s:2:\"pt\";s:15:\"Social Bookmark\";s:2:\"ru\";s:37:\" \";s:2:\"id\";s:15:\"Social Bookmark\";s:2:\"fi\";s:24:\"Sosiaalinen kirjanmerkki\";s:2:\"fr\";s:13:\"Liens sociaux\";}','a:9:{s:2:\"en\";s:47:\"Configurable social bookmark links from AddThis\";s:2:\"el\";s:111:\"      AddThis\";s:2:\"nl\";s:43:\"Voeg sociale bladwijzers toe vanuit AddThis\";s:2:\"br\";s:87:\"Adiciona links de redes sociais usando o AddThis, podendo fazer algumas configuraes\";s:2:\"pt\";s:87:\"Adiciona links de redes sociais usando o AddThis, podendo fazer algumas configuraes\";s:2:\"ru\";s:90:\"     AddThis\";s:2:\"id\";s:60:\"Tautan social bookmark yang dapat dikonfigurasi dari AddThis\";s:2:\"fi\";s:59:\"Konfiguroitava sosiaalinen kirjanmerkki linkit AddThis:st\";s:2:\"fr\";s:43:\"Liens sociaux personnalisables avec AddThis\";}','Phil Sturgeon','http://philsturgeon.co.uk/','1.0',1,6,1366212216);
insert  into `default_widgets`(`id`,`slug`,`title`,`description`,`author`,`website`,`version`,`enabled`,`order`,`updated_on`) values (7,'twitter_feed','a:9:{s:2:\"en\";s:12:\"Twitter Feed\";s:2:\"el\";s:14:\" Twitter\";s:2:\"fr\";s:12:\"Flux Twitter\";s:2:\"nl\";s:11:\"Twitterfeed\";s:2:\"br\";s:15:\"Feed do Twitter\";s:2:\"pt\";s:15:\"Feed do Twitter\";s:2:\"ru\";s:21:\" Twitter\'\";s:2:\"id\";s:12:\"Twitter Feed\";s:2:\"fi\";s:14:\"Twitter Syte\";}','a:9:{s:2:\"en\";s:37:\"Display Twitter feeds on your website\";s:2:\"el\";s:69:\"   tweets   Twitter\";s:2:\"fr\";s:49:\"Afficher les flux Twitter sur votre site Internet\";s:2:\"nl\";s:31:\"Toon Twitterfeeds op uw website\";s:2:\"br\";s:64:\"Mostra os ltimos tweets de um usurio do Twitter no seu site.\";s:2:\"pt\";s:66:\"Mostra os ltimos tweets de um utilizador do Twitter no seu site.\";s:2:\"ru\";s:98:\"   Twitter    \";s:2:\"id\";s:39:\"Menampilkan koleksi Tweet di situs Anda\";s:2:\"fi\";s:35:\"Nyt Twitter syte sivustollasi\";}','Phil Sturgeon','http://philsturgeon.co.uk/','1.2',1,7,1366212216);
insert  into `default_widgets`(`id`,`slug`,`title`,`description`,`author`,`website`,`version`,`enabled`,`order`,`updated_on`) values (8,'archive','a:7:{s:2:\"en\";s:7:\"Archive\";s:2:\"br\";s:15:\"Arquivo do Blog\";s:2:\"pt\";s:15:\"Arquivo do Blog\";s:2:\"el\";s:33:\" \";s:2:\"fr\";s:16:\"Archives du Blog\";s:2:\"ru\";s:10:\"\";s:2:\"id\";s:7:\"Archive\";}','a:7:{s:2:\"en\";s:64:\"Display a list of old months with links to posts in those months\";s:2:\"br\";s:95:\"Mostra uma lista navegao cronolgica contendo o ndice dos artigos publicados mensalmente\";s:2:\"pt\";s:95:\"Mostra uma lista navegao cronolgica contendo o ndice dos artigos publicados mensalmente\";s:2:\"el\";s:155:\"             \";s:2:\"fr\";s:95:\"Permet d\'afficher une liste des mois passs avec des liens vers les posts relatifs  ces mois\";s:2:\"ru\";s:114:\"          \";s:2:\"id\";s:63:\"Menampilkan daftar bulan beserta tautan post di setiap bulannya\";}','Phil Sturgeon','http://philsturgeon.co.uk/','1.0',1,8,1366212216);
insert  into `default_widgets`(`id`,`slug`,`title`,`description`,`author`,`website`,`version`,`enabled`,`order`,`updated_on`) values (9,'blog_categories','a:7:{s:2:\"en\";s:15:\"Blog Categories\";s:2:\"br\";s:18:\"Categorias do Blog\";s:2:\"pt\";s:18:\"Categorias do Blog\";s:2:\"el\";s:41:\" \";s:2:\"fr\";s:19:\"Catgories du Blog\";s:2:\"ru\";s:29:\" \";s:2:\"id\";s:12:\"Kateori Blog\";}','a:7:{s:2:\"en\";s:30:\"Show a list of blog categories\";s:2:\"br\";s:57:\"Mostra uma lista de navegao com as categorias do Blog\";s:2:\"pt\";s:57:\"Mostra uma lista de navegao com as categorias do Blog\";s:2:\"el\";s:97:\"       \";s:2:\"fr\";s:49:\"Permet d\'afficher la liste de Catgories du Blog\";s:2:\"ru\";s:57:\"   \";s:2:\"id\";s:35:\"Menampilkan daftar kategori tulisan\";}','Stephen Cozart','http://github.com/clip/','1.0',1,9,1366212216);
insert  into `default_widgets`(`id`,`slug`,`title`,`description`,`author`,`website`,`version`,`enabled`,`order`,`updated_on`) values (10,'latest_posts','a:7:{s:2:\"en\";s:12:\"Latest posts\";s:2:\"br\";s:24:\"Artigos recentes do Blog\";s:2:\"pt\";s:24:\"Artigos recentes do Blog\";s:2:\"el\";s:62:\"  \";s:2:\"fr\";s:17:\"Derniers articles\";s:2:\"ru\";s:31:\" \";s:2:\"id\";s:12:\"Post Terbaru\";}','a:7:{s:2:\"en\";s:39:\"Display latest blog posts with a widget\";s:2:\"br\";s:81:\"Mostra uma lista de navegao para abrir os ltimos artigos publicados no Blog\";s:2:\"pt\";s:81:\"Mostra uma lista de navegao para abrir os ltimos artigos publicados no Blog\";s:2:\"el\";s:103:\"       \";s:2:\"fr\";s:68:\"Permet d\'afficher la liste des derniers posts du blog dans un Widget\";s:2:\"ru\";s:100:\"      \";s:2:\"id\";s:51:\"Menampilkan posting blog terbaru menggunakan widget\";}','Erik Berman','http://www.nukleo.fr','1.0',1,10,1366212216);


DROP TABLE IF EXISTS default_vw_coleccion;

 DROP VIEW IF EXISTS default_vw_coleccion ;
 DROP TABLE IF EXISTS default_vw_coleccion ;

 CREATE TABLE  default_vw_coleccion(
 v varchar(1) ,
 id int(11) ,
 nombre varchar(150) ,
 estado bigint(20) ,
 fecha_registro datetime ,
 fecha_transmision datetime ,
 categorias_id int(11) ,
 categoria varchar(45) ,
 gm1 int(33) ,
 gm1_nom varchar(150) ,
 gm2 int(33) ,
 gm2_nom varchar(150) ,
 gm3 int(33) ,
 gm3_nom varchar(150) ,
 tipo_grupo varchar(11) ,
 canales_id int(11) ,
 imagen varchar(150) ,
 procedencia int(11) 
);

/*Table structure for table default_vw_lista */

DROP TABLE IF EXISTS default_vw_lista;

 DROP VIEW IF EXISTS default_vw_lista ;
 DROP TABLE IF EXISTS default_vw_lista ;

 CREATE TABLE  default_vw_lista(
 v varchar(1) ,
 id int(11) ,
 nombre varchar(150) ,
 estado bigint(20) ,
 fecha_registro datetime ,
 fecha_transmision datetime ,
 categorias_id int(11) ,
 categoria varchar(45) ,
 gm1 int(33) ,
 gm1_nom varchar(150) ,
 gm2 int(33) ,
 gm2_nom varchar(150) ,
 gm3 int(33) ,
 gm3_nom varchar(150) ,
 tipo_grupo varchar(11) ,
 canales_id int(11) ,
 imagen varchar(150) ,
 procedencia int(11) 
);

/*Table structure for table default_vw_maestros */

DROP TABLE IF EXISTS default_vw_maestros;

 DROP VIEW IF EXISTS default_vw_maestros ;
 DROP TABLE IF EXISTS default_vw_maestros ;

 CREATE TABLE  default_vw_maestros(
 m varchar(1) ,
 id int(11) ,
 nombre varchar(150) ,
 estado int(5) ,
 fecha_registro datetime ,
 fecha_transmision_inicio datetime ,
 categorias_id int(11) ,
 categoria varchar(45) ,
 gm1 varchar(11) ,
 gm1_nom varchar(150) ,
 gm2 varchar(11) ,
 gm2_nom varchar(150) ,
 gm3 varchar(11) ,
 gm3_nom varchar(150) ,
 tipo_grupo int(11) ,
 canales_id int(11) 
);

/*Table structure for table default_vw_maestros_videos */

DROP TABLE IF EXISTS default_vw_maestros_videos;

 DROP VIEW IF EXISTS default_vw_maestros_videos ;
 DROP TABLE IF EXISTS default_vw_maestros_videos ;

 CREATE TABLE  default_vw_maestros_videos(
 v varchar(1) ,
 id int(11) ,
 nombre varchar(150) ,
 estado bigint(20) ,
 fecha_registro datetime ,
 fecha_transmision datetime ,
 categorias_id int(11) ,
 categoria varchar(45) ,
 gm1 int(33) ,
 gm1_nom varchar(150) ,
 gm2 int(33) ,
 gm2_nom varchar(150) ,
 gm3 int(33) ,
 gm3_nom varchar(150) ,
 tipo_grupo varchar(11) ,
 canales_id int(11) ,
 imagen varchar(150) ,
 procedencia int(11) 
);

/*Table structure for table default_vw_organizar */

DROP TABLE IF EXISTS default_vw_organizar;

 DROP VIEW IF EXISTS default_vw_organizar ;
 DROP TABLE IF EXISTS default_vw_organizar ;

 CREATE TABLE  default_vw_organizar(
 v varchar(1) ,
 id int(11) ,
 nombre varchar(150) ,
 estado bigint(20) ,
 fecha_registro datetime ,
 fecha_transmision datetime ,
 categorias_id int(11) ,
 categoria varchar(45) ,
 gm1 int(33) ,
 gm1_nom varchar(150) ,
 gm2 int(33) ,
 gm2_nom varchar(150) ,
 gm3 int(33) ,
 gm3_nom varchar(150) ,
 tipo_grupo varchar(11) ,
 canales_id int(11) ,
 imagen varchar(150) ,
 procedencia int(11) 
);

/*Table structure for table default_vw_papelera */

DROP TABLE IF EXISTS default_vw_papelera;

 DROP VIEW IF EXISTS default_vw_papelera ;
 DROP TABLE IF EXISTS default_vw_papelera ;

 CREATE TABLE  default_vw_papelera(
 maestros varchar(7) ,
 id int(11) ,
 estado bigint(5) ,
 titulo varchar(150) ,
 tipo_maestro varchar(11) ,
 canales_id int(11) ,
 fecha_registro datetime 
);

/*Table structure for table default_vw_programa */

DROP TABLE IF EXISTS default_vw_programa;

 DROP VIEW IF EXISTS default_vw_programa ;
 DROP TABLE IF EXISTS default_vw_programa ;

 CREATE TABLE  default_vw_programa(
 v varchar(1) ,
 id int(11) ,
 nombre varchar(150) ,
 estado bigint(20) ,
 fecha_registro datetime ,
 fecha_transmision datetime ,
 categorias_id int(11) ,
 categoria varchar(45) ,
 gm1 int(33) ,
 gm1_nom varchar(150) ,
 gm2 int(33) ,
 gm2_nom varchar(150) ,
 gm3 int(33) ,
 gm3_nom varchar(150) ,
 tipo_grupo varchar(11) ,
 canales_id int(11) ,
 imagen varchar(150) ,
 procedencia int(11) 
);

/*Table structure for table default_vw_video */

DROP TABLE IF EXISTS default_vw_video;

 DROP VIEW IF EXISTS default_vw_video ;
 DROP TABLE IF EXISTS default_vw_video ;

 CREATE TABLE  default_vw_video(
 id int(11) ,
 canales_id int(11) ,
 nombre_canal varchar(128) ,
 categorias_id int(11) ,
 nombre_categoria varchar(45) ,
 titulo varchar(150) ,
 fecha_registro datetime ,
 fecha_transmision date ,
 estado tinyint(4) ,
 imagen varchar(150) ,
 primer_padre int(11) ,
 segundo_padre int(11) ,
 tercer_padre int(11) ,
 programa varchar(150) ,
 tematico varchar(341) ,
 personaje varchar(341) ,
 resumen text 
);

/*Table structure for table vi_estadisticas */

DROP TABLE IF EXISTS vi_estadisticas;

 DROP VIEW IF EXISTS vi_estadisticas ;
 DROP TABLE IF EXISTS vi_estadisticas ;

 CREATE TABLE  vi_estadisticas(
 id int(11) ,
 nombre varchar(150) ,
 ca_id int(11) ,
 cat_id int(11) ,
 pr_id bigint(11) ,
 reproducciones decimal(32,0) ,
 valorizacion decimal(32,0) ,
 comentarios decimal(32,0) 
);

/*Table structure for table vi_estadisticas_comentarios */

DROP TABLE IF EXISTS vi_estadisticas_comentarios;

 DROP VIEW IF EXISTS vi_estadisticas_comentarios ;
 DROP TABLE IF EXISTS vi_estadisticas_comentarios ;

 CREATE TABLE  vi_estadisticas_comentarios(
 id int(11) ,
 nombre varchar(150) ,
 ca_id int(11) ,
 cat_id int(11) ,
 pr_id bigint(11) ,
 comentarios decimal(32,0) 
);

/*Table structure for table vi_estadisticas_reproducciones */

DROP TABLE IF EXISTS vi_estadisticas_reproducciones;

 DROP VIEW IF EXISTS vi_estadisticas_reproducciones ;
 DROP TABLE IF EXISTS vi_estadisticas_reproducciones ;

 CREATE TABLE  vi_estadisticas_reproducciones(
 id int(11) ,
 nombre varchar(150) ,
 ca_id int(11) ,
 cat_id int(11) ,
 pr_id bigint(11) ,
 reproducciones decimal(32,0) 
);

/*Table structure for table vi_estadisticas_valorizacion */

DROP TABLE IF EXISTS vi_estadisticas_valorizacion;

 DROP VIEW IF EXISTS vi_estadisticas_valorizacion ;
 DROP TABLE IF EXISTS vi_estadisticas_valorizacion ;

 CREATE TABLE  vi_estadisticas_valorizacion(
 id int(11) ,
 nombre varchar(150) ,
 ca_id int(11) ,
 cat_id int(11) ,
 pr_id bigint(11) ,
 valorizacion decimal(32,0) 
);

/*View structure for view default_vw_coleccion */

 DROP TABLE IF EXISTS default_vw_coleccion ;
 DROP VIEW IF EXISTS default_vw_coleccion ;

 CREATE ALGORITHM=UNDEFINED  VIEW default_vw_coleccion AS select default_vw_maestros_videos.v AS v,default_vw_maestros_videos.id AS id,default_vw_maestros_videos.nombre AS nombre,default_vw_maestros_videos.estado AS estado,default_vw_maestros_videos.fecha_registro AS fecha_registro,default_vw_maestros_videos.fecha_transmision AS fecha_transmision,default_vw_maestros_videos.categorias_id AS categorias_id,default_vw_maestros_videos.categoria AS categoria,default_vw_maestros_videos.gm1 AS gm1,default_vw_maestros_videos.gm1_nom AS gm1_nom,default_vw_maestros_videos.gm2 AS gm2,default_vw_maestros_videos.gm2_nom AS gm2_nom,default_vw_maestros_videos.gm3 AS gm3,default_vw_maestros_videos.gm3_nom AS gm3_nom,default_vw_maestros_videos.tipo_grupo AS tipo_grupo,default_vw_maestros_videos.canales_id AS canales_id,default_vw_maestros_videos.imagen AS imagen,default_vw_maestros_videos.procedencia AS procedencia from default_vw_maestros_videos where ((isnull(default_vw_maestros_videos.gm1) and (default_vw_maestros_videos.gm2 is not null) and (default_vw_maestros_videos.gm3 is not null) and (default_vw_maestros_videos.tipo_grupo = 0)) or (isnull(default_vw_maestros_videos.gm1) and (default_vw_maestros_videos.gm2 is not null) and (default_vw_maestros_videos.gm3 is not null) and (default_vw_maestros_videos.tipo_grupo = 3)) or (isnull(default_vw_maestros_videos.gm1) and (default_vw_maestros_videos.gm2 is not null) and (default_vw_maestros_videos.gm3 is not null) and (default_vw_maestros_videos.tipo_grupo = 2)) or (isnull(default_vw_maestros_videos.gm1) and (default_vw_maestros_videos.gm2 is not null) and (default_vw_maestros_videos.gm3 is not null) and (default_vw_maestros_videos.tipo_grupo = 1))) order by default_vw_maestros_videos.tipo_grupo desc ;

/*View structure for view default_vw_lista */

 DROP TABLE IF EXISTS default_vw_lista ;
 DROP VIEW IF EXISTS default_vw_lista ;

 CREATE ALGORITHM=UNDEFINED  VIEW default_vw_lista AS select default_vw_maestros_videos.v AS v,default_vw_maestros_videos.id AS id,default_vw_maestros_videos.nombre AS nombre,default_vw_maestros_videos.estado AS estado,default_vw_maestros_videos.fecha_registro AS fecha_registro,default_vw_maestros_videos.fecha_transmision AS fecha_transmision,default_vw_maestros_videos.categorias_id AS categorias_id,default_vw_maestros_videos.categoria AS categoria,default_vw_maestros_videos.gm1 AS gm1,default_vw_maestros_videos.gm1_nom AS gm1_nom,default_vw_maestros_videos.gm2 AS gm2,default_vw_maestros_videos.gm2_nom AS gm2_nom,default_vw_maestros_videos.gm3 AS gm3,default_vw_maestros_videos.gm3_nom AS gm3_nom,default_vw_maestros_videos.tipo_grupo AS tipo_grupo,default_vw_maestros_videos.canales_id AS canales_id,default_vw_maestros_videos.imagen AS imagen,default_vw_maestros_videos.procedencia AS procedencia from default_vw_maestros_videos where (((default_vw_maestros_videos.gm1 is not null) and (default_vw_maestros_videos.gm2 is not null) and (default_vw_maestros_videos.gm3 is not null) and (default_vw_maestros_videos.tipo_grupo = 0)) or ((default_vw_maestros_videos.gm1 is not null) and (default_vw_maestros_videos.gm2 is not null) and (default_vw_maestros_videos.gm3 is not null) and (default_vw_maestros_videos.tipo_grupo = 3)) or ((default_vw_maestros_videos.gm1 is not null) and (default_vw_maestros_videos.gm2 is not null) and (default_vw_maestros_videos.gm3 is not null) and (default_vw_maestros_videos.tipo_grupo = 2)) or ((default_vw_maestros_videos.gm1 is not null) and (default_vw_maestros_videos.gm2 is not null) and (default_vw_maestros_videos.gm3 is not null) and (default_vw_maestros_videos.tipo_grupo = 1))) order by default_vw_maestros_videos.tipo_grupo desc ;

/*View structure for view default_vw_maestros */

 DROP TABLE IF EXISTS default_vw_maestros ;
 DROP VIEW IF EXISTS default_vw_maestros ;

 CREATE ALGORITHM=UNDEFINED   VIEW default_vw_maestros AS (select 'm' AS m,gm.id AS id,gm.nombre AS nombre,(gm.estado + 1) AS estado,gm.fecha_registro AS fecha_registro,gm.fecha_transmision_inicio AS fecha_transmision_inicio,gm.categorias_id AS categorias_id,(select default_cms_categorias.nombre from default_cms_categorias where (default_cms_categorias.id = gm.categorias_id)) AS categoria,(case when ((select gd1.tipo_grupo_maestros_id from default_cms_grupo_detalles gd1 where (gd1.grupo_maestro_id = gm.id)) = 1) then (select gd1.grupo_maestro_padre from default_cms_grupo_detalles gd1 where ((gd1.grupo_maestro_id = gm.id) and (gd1.tipo_grupo_maestros_id = 1))) else (select NULL) end) AS gm1,(case when ((select gd1.tipo_grupo_maestros_id from default_cms_grupo_detalles gd1 where (gd1.grupo_maestro_id = gm.id)) = 1) then (select default_cms_grupo_maestros.nombre from default_cms_grupo_maestros where (default_cms_grupo_maestros.id = (select gd1.grupo_maestro_padre from default_cms_grupo_detalles gd1 where ((gd1.grupo_maestro_id = gm.id) and (gd1.tipo_grupo_maestros_id = 1))))) else (select NULL) end) AS gm1_nom,(case when ((select gd1.tipo_grupo_maestros_id from default_cms_grupo_detalles gd1 where (gd1.grupo_maestro_id = gm.id)) = 2) then (select gd1.grupo_maestro_padre from default_cms_grupo_detalles gd1 where ((gd1.grupo_maestro_id = gm.id) and (gd1.tipo_grupo_maestros_id = 2))) when ((select gd2.tipo_grupo_maestros_id from default_cms_grupo_detalles gd2 where (gd2.grupo_maestro_id = (select gd3.grupo_maestro_padre from default_cms_grupo_detalles gd3 where (gd3.grupo_maestro_id = gm.id)))) = 2) then (select gd2.grupo_maestro_padre from default_cms_grupo_detalles gd2 where ((gd2.grupo_maestro_id = (select gd3.grupo_maestro_padre from default_cms_grupo_detalles gd3 where (gd3.grupo_maestro_id = gm.id))) and (gd2.tipo_grupo_maestros_id = 2))) else (select NULL) end) AS gm2,(case when ((select gd1.tipo_grupo_maestros_id from default_cms_grupo_detalles gd1 where (gd1.grupo_maestro_id = gm.id)) = 2) then (select default_cms_grupo_maestros.nombre from default_cms_grupo_maestros where (default_cms_grupo_maestros.id = (select gd1.grupo_maestro_padre from default_cms_grupo_detalles gd1 where ((gd1.grupo_maestro_id = gm.id) and (gd1.tipo_grupo_maestros_id = 2))))) when ((select gd2.tipo_grupo_maestros_id from default_cms_grupo_detalles gd2 where (gd2.grupo_maestro_id = (select gd3.grupo_maestro_padre from default_cms_grupo_detalles gd3 where (gd3.grupo_maestro_id = gm.id)))) = 2) then (select default_cms_grupo_maestros.nombre from default_cms_grupo_maestros where (default_cms_grupo_maestros.id = (select gd2.grupo_maestro_padre from default_cms_grupo_detalles gd2 where ((gd2.grupo_maestro_id = (select gd3.grupo_maestro_padre from default_cms_grupo_detalles gd3 where (gd3.grupo_maestro_id = gm.id))) and (gd2.tipo_grupo_maestros_id = 2))))) else (select NULL) end) AS gm2_nom,(case when ((select gd1.tipo_grupo_maestros_id from default_cms_grupo_detalles gd1 where (gd1.grupo_maestro_id = gm.id)) = 3) then (select gd1.grupo_maestro_padre from default_cms_grupo_detalles gd1 where ((gd1.grupo_maestro_id = gm.id) and (gd1.tipo_grupo_maestros_id = 3))) when ((select gd2.tipo_grupo_maestros_id from default_cms_grupo_detalles gd2 where (gd2.grupo_maestro_id = (select gd3.grupo_maestro_padre from default_cms_grupo_detalles gd3 where (gd3.grupo_maestro_id = gm.id)))) = 3) then (select gd2.grupo_maestro_padre from default_cms_grupo_detalles gd2 where ((gd2.grupo_maestro_id = (select gd3.grupo_maestro_padre from default_cms_grupo_detalles gd3 where (gd3.grupo_maestro_id = gm.id))) and (gd2.tipo_grupo_maestros_id = 3))) when ((select gd4.tipo_grupo_maestros_id from default_cms_grupo_detalles gd4 where (gd4.grupo_maestro_id = (select distinct gd5.grupo_maestro_padre from default_cms_grupo_detalles gd5 where (gd5.grupo_maestro_id = (select gd6.grupo_maestro_padre from default_cms_grupo_detalles gd6 where (gd6.grupo_maestro_id = gm.id)))))) = 3) then (select gd4.grupo_maestro_padre from default_cms_grupo_detalles gd4 where ((gd4.grupo_maestro_id = (select distinct gd5.grupo_maestro_padre from default_cms_grupo_detalles gd5 where (gd5.grupo_maestro_id = (select gd6.grupo_maestro_padre from default_cms_grupo_detalles gd6 where (gd6.grupo_maestro_id = gm.id))))) and (gd4.tipo_grupo_maestros_id = 3))) else (select NULL) end) AS gm3,(case when ((select gd1.tipo_grupo_maestros_id from default_cms_grupo_detalles gd1 where (gd1.grupo_maestro_id = gm.id)) = 3) then (select default_cms_grupo_maestros.nombre from default_cms_grupo_maestros where (default_cms_grupo_maestros.id = (select gd1.grupo_maestro_padre from default_cms_grupo_detalles gd1 where ((gd1.grupo_maestro_id = gm.id) and (gd1.tipo_grupo_maestros_id = 3))))) when ((select gd2.tipo_grupo_maestros_id from default_cms_grupo_detalles gd2 where (gd2.grupo_maestro_id = (select gd3.grupo_maestro_padre from default_cms_grupo_detalles gd3 where (gd3.grupo_maestro_id = gm.id)))) = 3) then (select default_cms_grupo_maestros.nombre from default_cms_grupo_maestros where (default_cms_grupo_maestros.id = (select gd2.grupo_maestro_padre from default_cms_grupo_detalles gd2 where ((gd2.grupo_maestro_id = (select gd3.grupo_maestro_padre from default_cms_grupo_detalles gd3 where (gd3.grupo_maestro_id = gm.id))) and (gd2.tipo_grupo_maestros_id = 3))))) when ((select gd4.tipo_grupo_maestros_id from default_cms_grupo_detalles gd4 where (gd4.grupo_maestro_id = (select distinct gd5.grupo_maestro_padre from default_cms_grupo_detalles gd5 where (gd5.grupo_maestro_id = (select gd6.grupo_maestro_padre from default_cms_grupo_detalles gd6 where (gd6.grupo_maestro_id = gm.id)))))) = 3) then (select default_cms_grupo_maestros.nombre from default_cms_grupo_maestros where (default_cms_grupo_maestros.id = (select gd4.grupo_maestro_padre from default_cms_grupo_detalles gd4 where ((gd4.grupo_maestro_id = (select distinct gd5.grupo_maestro_padre from default_cms_grupo_detalles gd5 where (gd5.grupo_maestro_id = (select gd6.grupo_maestro_padre from default_cms_grupo_detalles gd6 where (gd6.grupo_maestro_id = gm.id))))) and (gd4.tipo_grupo_maestros_id = 3))))) else (select NULL) end) AS gm3_nom,gm.tipo_grupo_maestro_id AS tipo_grupo,gm.canales_id AS canales_id from default_cms_grupo_maestros gm) ;

/*View structure for view default_vw_maestros_videos */

 DROP TABLE IF EXISTS default_vw_maestros_videos ;
 DROP VIEW IF EXISTS default_vw_maestros_videos ;

 CREATE ALGORITHM=UNDEFINED   VIEW default_vw_maestros_videos AS select 'v' AS v,vi.id AS id,vi.titulo AS nombre,vi.estado AS estado,vi.fecha_registro AS fecha_registro,vi.fecha_transmision AS fecha_transmision,vi.categorias_id AS categorias_id,(select default_cms_categorias.nombre from default_cms_categorias where (default_cms_categorias.id = vi.categorias_id)) AS categoria,(case when ((select gd1.tipo_grupo_maestros_id from default_cms_grupo_detalles gd1 where (gd1.video_id = vi.id)) = 1) then (select gd1.grupo_maestro_padre from default_cms_grupo_detalles gd1 where ((gd1.video_id = vi.id) and (gd1.tipo_grupo_maestros_id = 1))) else (select NULL) end) AS gm1,(case when ((select gd1.tipo_grupo_maestros_id from default_cms_grupo_detalles gd1 where (gd1.video_id = vi.id)) = 1) then (select default_cms_grupo_maestros.nombre from default_cms_grupo_maestros where (default_cms_grupo_maestros.id = (select gd1.grupo_maestro_padre from default_cms_grupo_detalles gd1 where ((gd1.video_id = vi.id) and (gd1.tipo_grupo_maestros_id = 1))))) else (select NULL) end) AS gm1_nom,(case when ((select gd1.tipo_grupo_maestros_id from default_cms_grupo_detalles gd1 where (gd1.video_id = vi.id)) = 2) then (select gd1.grupo_maestro_padre from default_cms_grupo_detalles gd1 where ((gd1.video_id = vi.id) and (gd1.tipo_grupo_maestros_id = 2))) when ((select gd2.tipo_grupo_maestros_id from default_cms_grupo_detalles gd2 where (gd2.grupo_maestro_id = (select gd3.grupo_maestro_padre from default_cms_grupo_detalles gd3 where (gd3.video_id = vi.id)))) = 2) then (select gd2.grupo_maestro_padre from default_cms_grupo_detalles gd2 where ((gd2.grupo_maestro_id = (select gd3.grupo_maestro_padre from default_cms_grupo_detalles gd3 where (gd3.video_id = vi.id))) and (gd2.tipo_grupo_maestros_id = 2))) else (select NULL) end) AS gm2,(case when ((select gd1.tipo_grupo_maestros_id from default_cms_grupo_detalles gd1 where (gd1.video_id = vi.id)) = 2) then (select default_cms_grupo_maestros.nombre from default_cms_grupo_maestros where (default_cms_grupo_maestros.id = (select gd1.grupo_maestro_padre from default_cms_grupo_detalles gd1 where ((gd1.video_id = vi.id) and (gd1.tipo_grupo_maestros_id = 2))))) when ((select gd2.tipo_grupo_maestros_id from default_cms_grupo_detalles gd2 where (gd2.grupo_maestro_id = (select gd3.grupo_maestro_padre from default_cms_grupo_detalles gd3 where (gd3.video_id = vi.id)))) = 2) then (select default_cms_grupo_maestros.nombre from default_cms_grupo_maestros where (default_cms_grupo_maestros.id = (select gd2.grupo_maestro_padre from default_cms_grupo_detalles gd2 where ((gd2.grupo_maestro_id = (select gd3.grupo_maestro_padre from default_cms_grupo_detalles gd3 where (gd3.video_id = vi.id))) and (gd2.tipo_grupo_maestros_id = 2))))) else (select NULL) end) AS gm2_nom,(case when ((select gd1.tipo_grupo_maestros_id from default_cms_grupo_detalles gd1 where (gd1.video_id = vi.id)) = 3) then (select gd1.grupo_maestro_padre from default_cms_grupo_detalles gd1 where ((gd1.video_id = vi.id) and (gd1.tipo_grupo_maestros_id = 3))) when ((select gd2.tipo_grupo_maestros_id from default_cms_grupo_detalles gd2 where (gd2.grupo_maestro_id = (select gd3.grupo_maestro_padre from default_cms_grupo_detalles gd3 where (gd3.video_id = vi.id)))) = 3) then (select gd2.grupo_maestro_padre from default_cms_grupo_detalles gd2 where ((gd2.grupo_maestro_id = (select gd3.grupo_maestro_padre from default_cms_grupo_detalles gd3 where (gd3.video_id = vi.id))) and (gd2.tipo_grupo_maestros_id = 3))) when ((select gd4.tipo_grupo_maestros_id from default_cms_grupo_detalles gd4 where (gd4.grupo_maestro_id = (select gd5.grupo_maestro_padre from default_cms_grupo_detalles gd5 where (gd5.grupo_maestro_id = (select gd6.grupo_maestro_padre from default_cms_grupo_detalles gd6 where (gd6.video_id = vi.id)))))) = 3) then (select gd4.grupo_maestro_padre from default_cms_grupo_detalles gd4 where ((gd4.grupo_maestro_id = (select gd5.grupo_maestro_padre from default_cms_grupo_detalles gd5 where (gd5.grupo_maestro_id = (select gd6.grupo_maestro_padre from default_cms_grupo_detalles gd6 where (gd6.video_id = vi.id))))) and (gd4.tipo_grupo_maestros_id = 3))) else (select NULL) end) AS gm3,(case when ((select gd1.tipo_grupo_maestros_id from default_cms_grupo_detalles gd1 where (gd1.video_id = vi.id)) = 3) then (select default_cms_grupo_maestros.nombre from default_cms_grupo_maestros where (default_cms_grupo_maestros.id = (select gd1.grupo_maestro_padre from default_cms_grupo_detalles gd1 where ((gd1.video_id = vi.id) and (gd1.tipo_grupo_maestros_id = 3))))) when ((select gd2.tipo_grupo_maestros_id from default_cms_grupo_detalles gd2 where (gd2.grupo_maestro_id = (select gd3.grupo_maestro_padre from default_cms_grupo_detalles gd3 where (gd3.video_id = vi.id)))) = 3) then (select default_cms_grupo_maestros.nombre from default_cms_grupo_maestros where (default_cms_grupo_maestros.id = (select gd2.grupo_maestro_padre from default_cms_grupo_detalles gd2 where ((gd2.grupo_maestro_id = (select gd3.grupo_maestro_padre from default_cms_grupo_detalles gd3 where (gd3.video_id = vi.id))) and (gd2.tipo_grupo_maestros_id = 3))))) when ((select gd4.tipo_grupo_maestros_id from default_cms_grupo_detalles gd4 where (gd4.grupo_maestro_id = (select gd5.grupo_maestro_padre from default_cms_grupo_detalles gd5 where (gd5.grupo_maestro_id = (select gd6.grupo_maestro_padre from default_cms_grupo_detalles gd6 where (gd6.video_id = vi.id)))))) = 3) then (select default_cms_grupo_maestros.nombre from default_cms_grupo_maestros where (default_cms_grupo_maestros.id = (select gd4.grupo_maestro_padre from default_cms_grupo_detalles gd4 where ((gd4.grupo_maestro_id = (select gd5.grupo_maestro_padre from default_cms_grupo_detalles gd5 where (gd5.grupo_maestro_id = (select gd6.grupo_maestro_padre from default_cms_grupo_detalles gd6 where (gd6.video_id = vi.id))))) and (gd4.tipo_grupo_maestros_id = 3))))) else (select NULL) end) AS gm3_nom,'0' AS tipo_grupo,vi.canales_id AS canales_id,(select img.imagen from default_cms_imagenes img where ((img.videos_id = vi.id) and (img.tipo_imagen_id = 1) and (img.estado = 1))) AS imagen,(select img.procedencia from default_cms_imagenes img where ((img.videos_id = vi.id) and (img.tipo_imagen_id = 1) and (img.estado = 1))) AS procedencia from default_cms_videos vi union all select 'm' AS m,gm.id AS id,gm.nombre AS nombre,(gm.estado + 1) AS estado,gm.fecha_registro AS fecha_registro,gm.fecha_transmision_inicio AS fecha_transmision_inicio,gm.categorias_id AS categorias_id,(select default_cms_categorias.nombre from default_cms_categorias where (default_cms_categorias.id = gm.categorias_id)) AS categoria,(case when ((select gd1.tipo_grupo_maestros_id from default_cms_grupo_detalles gd1 where (gd1.grupo_maestro_id = gm.id)) = 1) then (select gd1.grupo_maestro_padre from default_cms_grupo_detalles gd1 where ((gd1.grupo_maestro_id = gm.id) and (gd1.tipo_grupo_maestros_id = 1))) else (select NULL) end) AS gm1,(case when ((select gd1.tipo_grupo_maestros_id from default_cms_grupo_detalles gd1 where (gd1.grupo_maestro_id = gm.id)) = 1) then (select default_cms_grupo_maestros.nombre from default_cms_grupo_maestros where (default_cms_grupo_maestros.id = (select gd1.grupo_maestro_padre from default_cms_grupo_detalles gd1 where ((gd1.grupo_maestro_id = gm.id) and (gd1.tipo_grupo_maestros_id = 1))))) else (select NULL) end) AS gm1_nom,(case when ((select gd1.tipo_grupo_maestros_id from default_cms_grupo_detalles gd1 where (gd1.grupo_maestro_id = gm.id)) = 2) then (select gd1.grupo_maestro_padre from default_cms_grupo_detalles gd1 where ((gd1.grupo_maestro_id = gm.id) and (gd1.tipo_grupo_maestros_id = 2))) when ((select gd2.tipo_grupo_maestros_id from default_cms_grupo_detalles gd2 where (gd2.grupo_maestro_id = (select gd3.grupo_maestro_padre from default_cms_grupo_detalles gd3 where (gd3.grupo_maestro_id = gm.id)))) = 2) then (select gd2.grupo_maestro_padre from default_cms_grupo_detalles gd2 where ((gd2.grupo_maestro_id = (select gd3.grupo_maestro_padre from default_cms_grupo_detalles gd3 where (gd3.grupo_maestro_id = gm.id))) and (gd2.tipo_grupo_maestros_id = 2))) else (select NULL) end) AS gm2,(case when ((select gd1.tipo_grupo_maestros_id from default_cms_grupo_detalles gd1 where (gd1.grupo_maestro_id = gm.id)) = 2) then (select default_cms_grupo_maestros.nombre from default_cms_grupo_maestros where (default_cms_grupo_maestros.id = (select gd1.grupo_maestro_padre from default_cms_grupo_detalles gd1 where ((gd1.grupo_maestro_id = gm.id) and (gd1.tipo_grupo_maestros_id = 2))))) when ((select gd2.tipo_grupo_maestros_id from default_cms_grupo_detalles gd2 where (gd2.grupo_maestro_id = (select gd3.grupo_maestro_padre from default_cms_grupo_detalles gd3 where (gd3.grupo_maestro_id = gm.id)))) = 2) then (select default_cms_grupo_maestros.nombre from default_cms_grupo_maestros where (default_cms_grupo_maestros.id = (select gd2.grupo_maestro_padre from default_cms_grupo_detalles gd2 where ((gd2.grupo_maestro_id = (select gd3.grupo_maestro_padre from default_cms_grupo_detalles gd3 where (gd3.grupo_maestro_id = gm.id))) and (gd2.tipo_grupo_maestros_id = 2))))) else (select NULL) end) AS gm2_nom,(case when ((select gd1.tipo_grupo_maestros_id from default_cms_grupo_detalles gd1 where (gd1.grupo_maestro_id = gm.id)) = 3) then (select gd1.grupo_maestro_padre from default_cms_grupo_detalles gd1 where ((gd1.grupo_maestro_id = gm.id) and (gd1.tipo_grupo_maestros_id = 3))) when ((select gd2.tipo_grupo_maestros_id from default_cms_grupo_detalles gd2 where (gd2.grupo_maestro_id = (select gd3.grupo_maestro_padre from default_cms_grupo_detalles gd3 where (gd3.grupo_maestro_id = gm.id)))) = 3) then (select gd2.grupo_maestro_padre from default_cms_grupo_detalles gd2 where ((gd2.grupo_maestro_id = (select gd3.grupo_maestro_padre from default_cms_grupo_detalles gd3 where (gd3.grupo_maestro_id = gm.id))) and (gd2.tipo_grupo_maestros_id = 3))) when ((select gd4.tipo_grupo_maestros_id from default_cms_grupo_detalles gd4 where (gd4.grupo_maestro_id = (select distinct gd5.grupo_maestro_padre from default_cms_grupo_detalles gd5 where (gd5.grupo_maestro_id = (select gd6.grupo_maestro_padre from default_cms_grupo_detalles gd6 where (gd6.grupo_maestro_id = gm.id)))))) = 3) then (select gd4.grupo_maestro_padre from default_cms_grupo_detalles gd4 where ((gd4.grupo_maestro_id = (select distinct gd5.grupo_maestro_padre from default_cms_grupo_detalles gd5 where (gd5.grupo_maestro_id = (select gd6.grupo_maestro_padre from default_cms_grupo_detalles gd6 where (gd6.grupo_maestro_id = gm.id))))) and (gd4.tipo_grupo_maestros_id = 3))) else (select NULL) end) AS gm3,(case when ((select gd1.tipo_grupo_maestros_id from default_cms_grupo_detalles gd1 where (gd1.grupo_maestro_id = gm.id)) = 3) then (select default_cms_grupo_maestros.nombre from default_cms_grupo_maestros where (default_cms_grupo_maestros.id = (select gd1.grupo_maestro_padre from default_cms_grupo_detalles gd1 where ((gd1.grupo_maestro_id = gm.id) and (gd1.tipo_grupo_maestros_id = 3))))) when ((select gd2.tipo_grupo_maestros_id from default_cms_grupo_detalles gd2 where (gd2.grupo_maestro_id = (select gd3.grupo_maestro_padre from default_cms_grupo_detalles gd3 where (gd3.grupo_maestro_id = gm.id)))) = 3) then (select default_cms_grupo_maestros.nombre from default_cms_grupo_maestros where (default_cms_grupo_maestros.id = (select gd2.grupo_maestro_padre from default_cms_grupo_detalles gd2 where ((gd2.grupo_maestro_id = (select gd3.grupo_maestro_padre from default_cms_grupo_detalles gd3 where (gd3.grupo_maestro_id = gm.id))) and (gd2.tipo_grupo_maestros_id = 3))))) when ((select gd4.tipo_grupo_maestros_id from default_cms_grupo_detalles gd4 where (gd4.grupo_maestro_id = (select distinct gd5.grupo_maestro_padre from default_cms_grupo_detalles gd5 where (gd5.grupo_maestro_id = (select gd6.grupo_maestro_padre from default_cms_grupo_detalles gd6 where (gd6.grupo_maestro_id = gm.id)))))) = 3) then (select default_cms_grupo_maestros.nombre from default_cms_grupo_maestros where (default_cms_grupo_maestros.id = (select gd4.grupo_maestro_padre from default_cms_grupo_detalles gd4 where ((gd4.grupo_maestro_id = (select distinct gd5.grupo_maestro_padre from default_cms_grupo_detalles gd5 where (gd5.grupo_maestro_id = (select gd6.grupo_maestro_padre from default_cms_grupo_detalles gd6 where (gd6.grupo_maestro_id = gm.id))))) and (gd4.tipo_grupo_maestros_id = 3))))) else (select NULL) end) AS gm3_nom,gm.tipo_grupo_maestro_id AS tipo_grupo,gm.canales_id AS canales_id,(select img.imagen from default_cms_imagenes img where ((img.grupo_maestros_id = gm.id) and (img.tipo_imagen_id = 1) and (img.estado = 1))) AS imagen,(select img.procedencia from default_cms_imagenes img where ((img.grupo_maestros_id = gm.id) and (img.tipo_imagen_id = 1) and (img.estado = 1))) AS procedencia from default_cms_grupo_maestros gm ;

/*View structure for view default_vw_organizar */

 DROP TABLE IF EXISTS default_vw_organizar ;
 DROP VIEW IF EXISTS default_vw_organizar ;

 CREATE ALGORITHM=UNDEFINED  VIEW default_vw_organizar AS select default_vw_maestros_videos.v AS v,default_vw_maestros_videos.id AS id,default_vw_maestros_videos.nombre AS nombre,default_vw_maestros_videos.estado AS estado,default_vw_maestros_videos.fecha_registro AS fecha_registro,default_vw_maestros_videos.fecha_transmision AS fecha_transmision,default_vw_maestros_videos.categorias_id AS categorias_id,default_vw_maestros_videos.categoria AS categoria,default_vw_maestros_videos.gm1 AS gm1,default_vw_maestros_videos.gm1_nom AS gm1_nom,default_vw_maestros_videos.gm2 AS gm2,default_vw_maestros_videos.gm2_nom AS gm2_nom,default_vw_maestros_videos.gm3 AS gm3,default_vw_maestros_videos.gm3_nom AS gm3_nom,default_vw_maestros_videos.tipo_grupo AS tipo_grupo,default_vw_maestros_videos.canales_id AS canales_id,default_vw_maestros_videos.imagen AS imagen,default_vw_maestros_videos.procedencia AS procedencia from default_vw_maestros_videos where ((isnull(default_vw_maestros_videos.gm1) and isnull(default_vw_maestros_videos.gm2) and isnull(default_vw_maestros_videos.gm3) and (default_vw_maestros_videos.tipo_grupo = 0)) or (isnull(default_vw_maestros_videos.gm1) and isnull(default_vw_maestros_videos.gm2) and isnull(default_vw_maestros_videos.gm3) and (default_vw_maestros_videos.tipo_grupo = 3)) or (isnull(default_vw_maestros_videos.gm1) and isnull(default_vw_maestros_videos.gm2) and isnull(default_vw_maestros_videos.gm3) and (default_vw_maestros_videos.tipo_grupo = 2)) or (isnull(default_vw_maestros_videos.gm1) and isnull(default_vw_maestros_videos.gm2) and isnull(default_vw_maestros_videos.gm3) and (default_vw_maestros_videos.tipo_grupo = 1))) order by default_vw_maestros_videos.tipo_grupo desc ;

/*View structure for view default_vw_papelera */

 DROP TABLE IF EXISTS default_vw_papelera ;
 DROP VIEW IF EXISTS default_vw_papelera ;

 CREATE ALGORITHM=UNDEFINED  VIEW default_vw_papelera AS select 'maestro' AS maestros,gm.id AS id,(gm.estado + 1) AS estado,gm.nombre AS titulo,gm.tipo_grupo_maestro_id AS tipo_maestro,gm.canales_id AS canales_id,gm.fecha_registro AS fecha_registro from default_cms_grupo_maestros gm union select 'video' AS videos,vi.id AS id,vi.estado AS estado,vi.titulo AS titulo,'4' AS tipo_maestro,vi.canales_id AS canales_id,vi.fecha_registro AS fecha_registro from default_cms_videos vi ;

/*View structure for view default_vw_programa */

 DROP TABLE IF EXISTS default_vw_programa ;
 DROP VIEW IF EXISTS default_vw_programa ;

 CREATE ALGORITHM=UNDEFINED  VIEW default_vw_programa AS select default_vw_maestros_videos.v AS v,default_vw_maestros_videos.id AS id,default_vw_maestros_videos.nombre AS nombre,default_vw_maestros_videos.estado AS estado,default_vw_maestros_videos.fecha_registro AS fecha_registro,default_vw_maestros_videos.fecha_transmision AS fecha_transmision,default_vw_maestros_videos.categorias_id AS categorias_id,default_vw_maestros_videos.categoria AS categoria,default_vw_maestros_videos.gm1 AS gm1,default_vw_maestros_videos.gm1_nom AS gm1_nom,default_vw_maestros_videos.gm2 AS gm2,default_vw_maestros_videos.gm2_nom AS gm2_nom,default_vw_maestros_videos.gm3 AS gm3,default_vw_maestros_videos.gm3_nom AS gm3_nom,default_vw_maestros_videos.tipo_grupo AS tipo_grupo,default_vw_maestros_videos.canales_id AS canales_id,default_vw_maestros_videos.imagen AS imagen,default_vw_maestros_videos.procedencia AS procedencia from default_vw_maestros_videos where ((isnull(default_vw_maestros_videos.gm1) and isnull(default_vw_maestros_videos.gm2) and (default_vw_maestros_videos.gm3 is not null) and (default_vw_maestros_videos.tipo_grupo = 0)) or (isnull(default_vw_maestros_videos.gm1) and isnull(default_vw_maestros_videos.gm2) and (default_vw_maestros_videos.gm3 is not null) and (default_vw_maestros_videos.tipo_grupo = 3)) or (isnull(default_vw_maestros_videos.gm1) and isnull(default_vw_maestros_videos.gm2) and (default_vw_maestros_videos.gm3 is not null) and (default_vw_maestros_videos.tipo_grupo = 2)) or (isnull(default_vw_maestros_videos.gm1) and isnull(default_vw_maestros_videos.gm2) and (default_vw_maestros_videos.gm3 is not null) and (default_vw_maestros_videos.tipo_grupo = 1))) order by default_vw_maestros_videos.tipo_grupo desc ;

/*View structure for view default_vw_video */

 DROP TABLE IF EXISTS default_vw_video ;
 DROP VIEW IF EXISTS default_vw_video ;

 CREATE ALGORITHM=UNDEFINED  VIEW default_vw_video AS select distinct v.id AS id,v.canales_id AS canales_id,c.nombre AS nombre_canal,v.categorias_id AS categorias_id,cat.nombre AS nombre_categoria,v.titulo AS titulo,v.fecha_registro AS fecha_registro,v.fecha_transmision AS fecha_transmision,v.estado AS estado,img.imagen AS imagen,gd.grupo_maestro_padre AS primer_padre,gd2.grupo_maestro_padre AS segundo_padre,gd3.grupo_maestro_padre AS tercer_padre,gm.nombre AS programa,(select group_concat(t.nombre separator ',') from (((default_cms_videos vi join default_cms_video_tags vt on((vt.videos_id = vi.id))) join default_cms_tags t on((vt.tags_id = t.id))) join default_cms_tipo_tags tt on((tt.id = t.tipo_tags_id))) where ((tt.id = '1') and (vi.id = v.id))) AS tematico,(select group_concat(t.nombre separator ',') from (((default_cms_videos vi join default_cms_video_tags vt on((vt.videos_id = vi.id))) join default_cms_tags t on((vt.tags_id = t.id))) join default_cms_tipo_tags tt on((tt.id = t.tipo_tags_id))) where ((tt.id = '2') and (vi.id = v.id))) AS personaje,concat(c.nombre,' ',cat.nombre,' ',gm.nombre,' ',gc.nombre,' ',gl.nombre,' ',v.titulo) AS resumen from (((((((((default_cms_videos v left join default_cms_canales c on((c.id = v.canales_id))) left join default_cms_categorias cat on((cat.id = v.categorias_id))) left join default_cms_imagenes img on((img.videos_id = v.id))) left join default_cms_grupo_detalles gd on((gd.video_id = v.id))) left join default_cms_grupo_detalles gd2 on((gd2.grupo_maestro_id = gd.grupo_maestro_padre))) left join default_cms_grupo_detalles gd3 on((gd3.grupo_maestro_id = gd2.grupo_maestro_padre))) left join default_cms_grupo_maestros gm on((gm.id = gd3.grupo_maestro_padre))) left join default_cms_grupo_maestros gc on((gc.id = gd2.grupo_maestro_padre))) left join default_cms_grupo_maestros gl on((gl.id = gd.grupo_maestro_padre))) where (((img.tipo_imagen_id in (1,6)) or isnull(img.tipo_imagen_id)) and ((img.estado = 1) or isnull(img.estado))) order by v.id ;

/*View structure for view vi_estadisticas */

 DROP TABLE IF EXISTS vi_estadisticas ;
 DROP VIEW IF EXISTS vi_estadisticas ;

 CREATE ALGORITHM=UNDEFINED   VIEW vi_estadisticas AS (select gm.id AS id,gm.nombre AS nombre,ca.id AS ca_id,gm.categorias_id AS cat_id,(select gm3.id from default_cms_grupo_maestros gm3 where (gm3.id = (select gd4.grupo_maestro_padre from default_cms_grupo_detalles gd4 where (gd4.grupo_maestro_id = (select gd5.grupo_maestro_padre from default_cms_grupo_detalles gd5 where (gd5.grupo_maestro_id = gm.id)))))) AS pr_id,(select sum(vi.reproducciones) from default_cms_videos vi where vi.id in (select gd2.video_id from default_cms_grupo_detalles gd2 where (gd2.grupo_maestro_padre = gm.id))) AS reproducciones,(select sum(vi.valorizacion) from default_cms_videos vi where vi.id in (select gd2.video_id from default_cms_grupo_detalles gd2 where (gd2.grupo_maestro_padre = gm.id))) AS valorizacion,(select sum(vi.comentarios) from default_cms_videos vi where vi.id in (select gd2.video_id from default_cms_grupo_detalles gd2 where (gd2.grupo_maestro_padre = gm.id))) AS comentarios from ((default_cms_grupo_maestros gm join default_cms_grupo_detalles gd on((gd.grupo_maestro_padre = gm.id))) join default_cms_canales ca on((gm.canales_id = ca.id))) where (gm.tipo_grupo_maestro_id = 1) group by gm.id) ;

/*View structure for view vi_estadisticas_comentarios */

 DROP TABLE IF EXISTS vi_estadisticas_comentarios ;
 DROP VIEW IF EXISTS vi_estadisticas_comentarios ;

 CREATE ALGORITHM=UNDEFINED   VIEW vi_estadisticas_comentarios AS (select gm.id AS id,gm.nombre AS nombre,ca.id AS ca_id,gm.categorias_id AS cat_id,(select gm3.id from default_cms_grupo_maestros gm3 where (gm3.id = (select gd4.grupo_maestro_padre from default_cms_grupo_detalles gd4 where (gd4.grupo_maestro_id = (select gd5.grupo_maestro_padre from default_cms_grupo_detalles gd5 where (gd5.grupo_maestro_id = gm.id)))))) AS pr_id,(select sum(vi.comentarios) from default_cms_videos vi where vi.id in (select gd2.video_id from default_cms_grupo_detalles gd2 where (gd2.grupo_maestro_padre = gm.id))) AS comentarios from ((default_cms_grupo_maestros gm join default_cms_grupo_detalles gd on((gd.grupo_maestro_padre = gm.id))) join default_cms_canales ca on((gm.canales_id = ca.id))) where (gm.tipo_grupo_maestro_id = 1) group by gm.id) ;

/*View structure for view vi_estadisticas_reproducciones */

 DROP TABLE IF EXISTS vi_estadisticas_reproducciones ;
 DROP VIEW IF EXISTS vi_estadisticas_reproducciones ;

 CREATE ALGORITHM=UNDEFINED   VIEW vi_estadisticas_reproducciones AS (select gm.id AS id,gm.nombre AS nombre,ca.id AS ca_id,gm.categorias_id AS cat_id,(select gm3.id from default_cms_grupo_maestros gm3 where (gm3.id = (select gd4.grupo_maestro_padre from default_cms_grupo_detalles gd4 where (gd4.grupo_maestro_id = (select gd5.grupo_maestro_padre from default_cms_grupo_detalles gd5 where (gd5.grupo_maestro_id = gm.id)))))) AS pr_id,(select sum(vi.reproducciones) from default_cms_videos vi where vi.id in (select gd2.video_id from default_cms_grupo_detalles gd2 where (gd2.grupo_maestro_padre = gm.id))) AS reproducciones from ((default_cms_grupo_maestros gm join default_cms_grupo_detalles gd on((gd.grupo_maestro_padre = gm.id))) join default_cms_canales ca on((gm.canales_id = ca.id))) where (gm.tipo_grupo_maestro_id = 1) group by gm.id) ;

/*View structure for view vi_estadisticas_valorizacion */

 DROP TABLE IF EXISTS vi_estadisticas_valorizacion ;
 DROP VIEW IF EXISTS vi_estadisticas_valorizacion ;

 CREATE ALGORITHM=UNDEFINED   VIEW vi_estadisticas_valorizacion AS (select gm.id AS id,gm.nombre AS nombre,ca.id AS ca_id,gm.categorias_id AS cat_id,(select gm3.id from default_cms_grupo_maestros gm3 where (gm3.id = (select gd4.grupo_maestro_padre from default_cms_grupo_detalles gd4 where (gd4.grupo_maestro_id = (select gd5.grupo_maestro_padre from default_cms_grupo_detalles gd5 where (gd5.grupo_maestro_id = gm.id)))))) AS pr_id,(select sum(vi.valorizacion) from default_cms_videos vi where vi.id in (select gd2.video_id from default_cms_grupo_detalles gd2 where (gd2.grupo_maestro_padre = gm.id))) AS valorizacion from ((default_cms_grupo_maestros gm join default_cms_grupo_detalles gd on((gd.grupo_maestro_padre = gm.id))) join default_cms_canales ca on((gm.canales_id = ca.id))) where (gm.tipo_grupo_maestro_id = 1) group by gm.id) ;

